{
    "providers": [
        {
            "type": "bitmap",
            "file": "minecraft:custom/ui/scoreboard_title_alt.png",
            "ascent": 20,
            "height": 25,
            "chars": ["乘"]
        },    
        {
            "type": "bitmap",
            "file": "minecraft:custom/ranks/admin.png",
            "ascent": 8,
            "height": 8,
            "chars": ["下"]
        },      
        {
            "type": "bitmap",
            "file": "minecraft:custom/ranks/mod.png",
            "ascent": 8,
            "height": 8,
            "chars": ["丅"]
        },       
        {
            "type": "bitmap",
            "file": "minecraft:custom/ranks/helper.png",
            "ascent": 8,
            "height": 8,
            "chars": ["丄"]
        },          
        {
            "type": "bitmap",
            "file": "minecraft:custom/ranks/raider.png",
            "ascent": 8,
            "height": 8,
            "chars": ["七"]
        },           
        {
            "type": "bitmap",
            "file": "minecraft:custom/ranks/bandit.png",
            "ascent": 8,
            "height": 8,
            "chars": ["丂"]
        },        
        {
            "type": "bitmap",
            "file": "minecraft:custom/ranks/scavenger.png",
            "ascent": 8,
            "height": 8,
            "chars": ["丁"]
        },        
        {
            "type": "bitmap",
            "file": "minecraft:custom/ranks/default.png",
            "ascent": 8,
            "height": 8,
            "chars": ["一"]
        },   
        {
            "type": "bitmap",
            "file": "minecraft:custom/tags/stats.png",
            "ascent": 8,
            "height": 8,
            "chars": ["丌"]
        },         
        {
            "type": "bitmap",
            "file": "minecraft:custom/icons/gold.png",
            "ascent": 8,
            "height": 8,
            "chars": ["不"]
        },            
        {
            "type": "bitmap",
            "file": "minecraft:custom/icons/coins.png",
            "ascent": -8,
            "height": 16,
            "chars": ["与"]
        },               
        {
            "type": "bitmap",
            "file": "minecraft:custom/tags/bunker.png",
            "ascent": 8,
            "height": 8,
            "chars": ["丏"]
        },   
        {
            "type": "bitmap",
            "file": "minecraft:custom/tags/gang.png",
            "ascent": 8,
            "height": 8,
            "chars": ["丐"]
        },       
        {
            "type": "bitmap",
            "file": "minecraft:custom/icons/supplydrop.png",
            "ascent": 10,
            "height": 12,
            "chars": ["丑"]
        },           
        {
            "type": "bitmap",
            "file": "minecraft:custom/ui/black_box.png",
            "ascent": 250,
            "height": 1500,
            "chars": ["丒"]
        },      
        {
            "type": "bitmap",
            "file": "minecraft:custom/number/one.png",
            "ascent": 6,
            "height": 27,
            "chars": ["专"]
        },    
        {
            "type": "bitmap",
            "file": "minecraft:custom/number/two.png",
            "ascent": 6,
            "height": 27,
            "chars": ["且"]
        },       
        {
            "type": "bitmap",
            "file": "minecraft:custom/number/three.png",
            "ascent": 6,
            "height": 27,
            "chars": ["丕"]
        },  
        {
            "type": "bitmap",
            "file": "minecraft:custom/number/four.png",
            "ascent": 6,
            "height": 27,
            "chars": ["世"]
        },  
        {
            "type": "bitmap",
            "file": "minecraft:custom/number/five.png",
            "ascent": 6,
            "height": 27,
            "chars": ["丗"]
        },  
        {
            "type": "bitmap",
            "file": "minecraft:custom/number/six.png",
            "ascent": 6,
            "height": 27,
            "chars": ["丘"]
        },  
        {
            "type": "bitmap",
            "file": "minecraft:custom/number/seven.png",
            "ascent": 6,
            "height": 27,
            "chars": ["丙"]
        },  
        {
            "type": "bitmap",
            "file": "minecraft:custom/number/eight.png",
            "ascent": 6,
            "height": 27,
            "chars": ["业"]
        },  
        {
            "type": "bitmap",
            "file": "minecraft:custom/number/nine.png",
            "ascent": 6,
            "height": 27,
            "chars": ["丛"]
        },  
        {
            "type": "bitmap",
            "file": "minecraft:custom/number/zero.png",
            "ascent": 6,
            "height": 27,
            "chars": ["东"]
        },  
        {
            "type": "bitmap",
            "file": "minecraft:custom/number/slash.png",
            "ascent": 6,
            "height": 27,
            "chars": ["丝"]
        },      
        {
            "type": "bitmap",
            "file": "minecraft:custom/icons/bag.png",
            "ascent": 4,
            "height": 27,
            "chars": ["丞"]
        },    
        {
            "type": "bitmap",
            "file": "minecraft:custom/icons/ammo.png",
            "ascent": -10,
            "height": 13,
            "chars": ["丟"]
        },   
        {
            "type": "bitmap",
            "file": "minecraft:custom/tags/item.png",
            "ascent": 8,
            "height": 8,
            "chars": ["丠"]
        },         
        {
            "type": "bitmap",
            "file": "minecraft:custom/tags/food.png",
            "ascent": 8,
            "height": 8,
            "chars": ["両"]
        },  
        {
            "type": "bitmap",
            "file": "minecraft:custom/tags/block.png",
            "ascent": 8,
            "height": 8,
            "chars": ["丢"]
        },    
        {
            "type": "bitmap",
            "file": "minecraft:custom/tags/currency.png",
            "ascent": 8,
            "height": 8,
            "chars": ["丣"]
        },      
        {
            "type": "bitmap",
            "file": "minecraft:custom/tags/cosmetic.png",
            "ascent": 8,
            "height": 8,
            "chars": ["两"]
        },   
        {
            "type": "bitmap",
            "file": "minecraft:custom/tags/weapon.png",
            "ascent": 8,
            "height": 8,
            "chars": ["严"]
        },
        {
            "type": "bitmap",
            "file": "minecraft:custom/tags/armor.png",
            "ascent": 8,
            "height": 8,
            "chars": ["並"]
        },    
        {
            "type": "bitmap",
            "file": "minecraft:custom/tags/furniture.png",
            "ascent": 8,
            "height": 8,
            "chars": ["丧"]
        },              
        {
            "type": "bitmap",
            "file": "minecraft:custom/tags/tool.png",
            "ascent": 8,
            "height": 8,
            "chars": ["丨"]
        },         
        {
            "type": "bitmap",
            "file": "minecraft:custom/tags/common.png",
            "ascent": 8,
            "height": 8,
            "chars": ["丩"]
        },  
        {
            "type": "bitmap",
            "file": "minecraft:custom/tags/rare.png",
            "ascent": 8,
            "height": 8,
            "chars": ["个"]
        },  
        {
            "type": "bitmap",
            "file": "minecraft:custom/tags/epic.png",
            "ascent": 8,
            "height": 8,
            "chars": ["丫"]
        },     
        {
            "type": "bitmap",
            "file": "minecraft:custom/tags/legendary.png",
            "ascent": 8,
            "height": 8,
            "chars": ["丬"]
        },     
        {
            "type": "bitmap",
            "file": "minecraft:custom/tags/artifact.png",
            "ascent": 8,
            "height": 8,
            "chars": ["中"]
        },    
        {
            "type": "bitmap",
            "file": "minecraft:custom/ui/error_red.png",
            "ascent": 7,
            "height": 7,
            "chars": ["丮"]
        },    
        {
            "type": "bitmap",
            "file": "minecraft:custom/ui/error_yellow.png",
            "ascent": 7,
            "height": 7,
            "chars": ["丯"]
        },  
        {
            "type": "bitmap",
            "file": "minecraft:custom/ui/error_green.png",
            "ascent": 7,
            "height": 7,
            "chars": ["丰"]
        },       
        {
            "type": "bitmap",
            "file": "minecraft:custom/tags/incombat.png",
            "ascent": 8,
            "height": 8,
            "chars": ["丱"]
        },                                                                                                                                                                                                                                                                                          
        {	
            "type": "bitmap",
            "file": "space:font/space_split.png",
            "ascent": 2,
            "height": 27,
            "chars": [
                "\uF801"
            ]
        },
        {
            "type": "bitmap",
            "file": "space:font/space_split.png",
            "ascent": -32768,
            "height": -4,
            "chars": [
                "\uF802"
            ]
        },
        {
            "type": "bitmap",
            "file": "space:font/space_split.png",
            "ascent": -32768,
            "height": -5,
            "chars": [
                "\uF803"
            ]
        },
        {
            "type": "bitmap",
            "file": "space:font/space_split.png",
            "ascent": -32768,
            "height": -6,
            "chars": [
                "\uF804"
            ]
        },
        {
            "type": "bitmap",
            "file": "space:font/space_split.png",
            "ascent": -32768,
            "height": -7,
            "chars": [
                "\uF805"
            ]
        },
        {
            "type": "bitmap",
            "file": "space:font/space_split.png",
            "ascent": -32768,
            "height": -8,
            "chars": [
                "\uF806"
            ]
        },
        {
            "type": "bitmap",
            "file": "space:font/space_split.png",
            "ascent": -32768,
            "height": -9,
            "chars": [
                "\uF807"
            ]
        },
        {
            "type": "bitmap",
            "file": "space:font/space_split.png",
            "ascent": -32768,
            "height": -10,
            "chars": [
                "\uF808"
            ]
        },
        {
            "type": "bitmap",
            "file": "space:font/space_split.png",
            "ascent": -32768,
            "height": -18,
            "chars": [
                "\uF809"
            ]
        },
        {
            "type": "bitmap",
            "file": "space:font/space_split.png",
            "ascent": -32768,
            "height": -34,
            "chars": [
                "\uF80A"
            ]
        },
        {
            "type": "bitmap",
            "file": "space:font/space_split.png",
            "ascent": -32768,
            "height": -66,
            "chars": [
                "\uF80B"
            ]
        },
        {
            "type": "bitmap",
            "file": "space:font/space_split.png",
            "ascent": -32768,
            "height": -130,
            "chars": [
                "\uF80C"
            ]
        },
        {
            "type": "bitmap",
            "file": "space:font/space_split.png",
            "ascent": -32768,
            "height": -258,
            "chars": [
                "\uF80D"
            ]
        },
        {
            "type": "bitmap",
            "file": "space:font/space_split.png",
            "ascent": -32768,
            "height": -514,
            "chars": [
                "\uF80E"
            ]
        },
        {
            "type": "bitmap",
            "file": "space:font/space_split.png",
            "ascent": -32768,
            "height": -1026,
            "chars": [
                "\uF80F"
            ]
        },
        {
            "type": "bitmap",
            "file": "space:font/space_split.png",
            "ascent": -65536,
            "height": -32770,
            "chars": [
                "\uF800"
            ]
        },
        {
            "type": "bitmap",
            "file": "space:font/space_split.png",
            "ascent": -32768,
            "height": 0,
            "chars": [
                "\uF821"
            ]
        },
        {
            "type": "bitmap",
            "file": "space:font/space_split.png",
            "ascent": -32768,
            "height": 1,
            "chars": [
                "\uF822"
            ]
        },
        {
            "type": "bitmap",
            "file": "space:font/space_split.png",
            "ascent": -32768,
            "height": 2,
            "chars": [
                "\uF823"
            ]
        },
        {
            "type": "bitmap",
            "file": "space:font/space_split.png",
            "ascent": -32768,
            "height": 3,
            "chars": [
                "\uF824"
            ]
        },
        {
            "type": "bitmap",
            "file": "space:font/space_split.png",
            "ascent": -32768,
            "height": 4,
            "chars": [
                "\uF825"
            ]
        },
        {
            "type": "bitmap",
            "file": "space:font/space_split.png",
            "ascent": -32768,
            "height": 5,
            "chars": [
                "\uF826"
            ]
        },
        {
            "type": "bitmap",
            "file": "space:font/space_split.png",
            "ascent": -32768,
            "height": 6,
            "chars": [
                "\uF827"
            ]
        },
        {
            "type": "bitmap",
            "file": "space:font/space_split.png",
            "ascent": -32768,
            "height": 7,
            "chars": [
                "\uF828"
            ]
        },
        {
            "type": "bitmap",
            "file": "space:font/space_split.png",
            "ascent": -32768,
            "height": 15,
            "chars": [
                "\uF829"
            ]
        },
        {
            "type": "bitmap",
            "file": "space:font/space_split.png",
            "ascent": -32768,
            "height": 31,
            "chars": [
                "\uF82A"
            ]
        },
        {
            "type": "bitmap",
            "file": "space:font/space_split.png",
            "ascent": -32768,
            "height": 63,
            "chars": [
                "\uF82B"
            ]
        },
        {
            "type": "bitmap",
            "file": "space:font/space_split.png",
            "ascent": -32768,
            "height": 127,
            "chars": [
                "\uF82C"
            ]
        },
        {
            "type": "bitmap",
            "file": "space:font/space_split.png",
            "ascent": -32768,
            "height": 255,
            "chars": [
                "\uF82D"
            ]
        },
        {
            "type": "bitmap",
            "file": "space:font/space_split.png",
            "ascent": -32768,
            "height": 511,
            "chars": [
                "\uF82E"
            ]
        },
        {
            "type": "bitmap",
            "file": "space:font/space_split.png",
            "ascent": -32768,
            "height": 1023,
            "chars": [
                "\uF82F"
            ]
        },
        {
            "type": "bitmap",
            "file": "space:font/space_split.png",
            "ascent": -65536,
            "height": 32767,
            "chars": [
                "\uF820"
            ]
        },
        {
            "type": "bitmap",
            "file": "space:font/space_nosplit.png",
            "ascent": -32768,
            "height": -3,
            "chars": [
                "\uF811"
            ]
        },
        {
            "type": "bitmap",
            "file": "space:font/space_nosplit.png",
            "ascent": -32768,
            "height": -4,
            "chars": [
                "\uF812"
            ]
        },
        {
            "type": "bitmap",
            "file": "space:font/space_nosplit.png",
            "ascent": -32768,
            "height": -5,
            "chars": [
                "\uF813"
            ]
        },
        {
            "type": "bitmap",
            "file": "space:font/space_nosplit.png",
            "ascent": -32768,
            "height": -6,
            "chars": [
                "\uF814"
            ]
        },
        {
            "type": "bitmap",
            "file": "space:font/space_nosplit.png",
            "ascent": -32768,
            "height": -7,
            "chars": [
                "\uF815"
            ]
        },
        {
            "type": "bitmap",
            "file": "space:font/space_nosplit.png",
            "ascent": -32768,
            "height": -8,
            "chars": [
                "\uF816"
            ]
        },
        {
            "type": "bitmap",
            "file": "space:font/space_nosplit.png",
            "ascent": -32768,
            "height": -9,
            "chars": [
                "\uF817"
            ]
        },
        {
            "type": "bitmap",
            "file": "space:font/space_nosplit.png",
            "ascent": -32768,
            "height": -10,
            "chars": [
                "\uF818"
            ]
        },
        {
            "type": "bitmap",
            "file": "space:font/space_nosplit.png",
            "ascent": -32768,
            "height": -18,
            "chars": [
                "\uF819"
            ]
        },
        {
            "type": "bitmap",
            "file": "space:font/space_nosplit.png",
            "ascent": -32768,
            "height": -34,
            "chars": [
                "\uF81A"
            ]
        },
        {
            "type": "bitmap",
            "file": "space:font/space_nosplit.png",
            "ascent": -32768,
            "height": -66,
            "chars": [
                "\uF81B"
            ]
        },
        {
            "type": "bitmap",
            "file": "space:font/space_nosplit.png",
            "ascent": -32768,
            "height": -130,
            "chars": [
                "\uF81C"
            ]
        },
        {
            "type": "bitmap",
            "file": "space:font/space_nosplit.png",
            "ascent": -32768,
            "height": -258,
            "chars": [
                "\uF81D"
            ]
        },
        {
            "type": "bitmap",
            "file": "space:font/space_nosplit.png",
            "ascent": -32768,
            "height": -514,
            "chars": [
                "\uF81E"
            ]
        },
        {
            "type": "bitmap",
            "file": "space:font/space_nosplit.png",
            "ascent": -32768,
            "height": -1026,
            "chars": [
                "\uF81F"
            ]
        },
        {
            "type": "bitmap",
            "file": "space:font/space_nosplit.png",
            "ascent": -65536,
            "height": -32770,
            "chars": [
                "\uF810"
            ]
        },
        {
            "type": "bitmap",
            "file": "space:font/space_nosplit.png",
            "ascent": -32768,
            "height": 0,
            "chars": [
                "\uF831"
            ]
        },
        {
            "type": "bitmap",
            "file": "space:font/space_nosplit.png",
            "ascent": -32768,
            "height": 1,
            "chars": [
                "\uF832"
            ]
        },
        {
            "type": "bitmap",
            "file": "space:font/space_nosplit.png",
            "ascent": -32768,
            "height": 2,
            "chars": [
                "\uF833"
            ]
        },
        {
            "type": "bitmap",
            "file": "space:font/space_nosplit.png",
            "ascent": -32768,
            "height": 3,
            "chars": [
                "\uF834"
            ]
        },
        {
            "type": "bitmap",
            "file": "space:font/space_nosplit.png",
            "ascent": -32768,
            "height": 4,
            "chars": [
                "\uF835"
            ]
        },
        {
            "type": "bitmap",
            "file": "space:font/space_nosplit.png",
            "ascent": -32768,
            "height": 5,
            "chars": [
                "\uF836"
            ]
        },
        {
            "type": "bitmap",
            "file": "space:font/space_nosplit.png",
            "ascent": -32768,
            "height": 6,
            "chars": [
                "\uF837"
            ]
        },
        {
            "type": "bitmap",
            "file": "space:font/space_nosplit.png",
            "ascent": -32768,
            "height": 7,
            "chars": [
                "\uF838"
            ]
        },
        {
            "type": "bitmap",
            "file": "space:font/space_nosplit.png",
            "ascent": -32768,
            "height": 15,
            "chars": [
                "\uF839"
            ]
        },
        {
            "type": "bitmap",
            "file": "space:font/space_nosplit.png",
            "ascent": -32768,
            "height": 31,
            "chars": [
                "\uF83A"
            ]
        },
        {
            "type": "bitmap",
            "file": "space:font/space_nosplit.png",
            "ascent": -32768,
            "height": 63,
            "chars": [
                "\uF83B"
            ]
        },
        {
            "type": "bitmap",
            "file": "space:font/space_nosplit.png",
            "ascent": -32768,
            "height": 127,
            "chars": [
                "\uF83C"
            ]
        },
        {
            "type": "bitmap",
            "file": "space:font/space_nosplit.png",
            "ascent": -32768,
            "height": 255,
            "chars": [
                "\uF83D"
            ]
        },
        {
            "type": "bitmap",
            "file": "space:font/space_nosplit.png",
            "ascent": -32768,
            "height": 511,
            "chars": [
                "\uF83E"
            ]
        },
        {
            "type": "bitmap",
            "file": "space:font/space_nosplit.png",
            "ascent": -32768,
            "height": 1023,
            "chars": [
                "\uF83F"
            ]
        },
        {
            "type": "bitmap",
            "file": "space:font/space_nosplit.png",
            "ascent": -65536,
            "height": 32767,
            "chars": [
                "\uF830"
            ]
        }
    ]
}