{
  "gun.glock": {
    "category": "master",
    "sounds": [ 
      {
          "name": "custom/glock"
      }
    ]
  },
  "gun.deserteagle": {
    "category": "master",
    "sounds": [ 
      {
          "name": "custom/deserteagle"
      }
    ]
  },
  "gun.uzi": {
    "category": "master",
    "sounds": [ 
      {
          "name": "custom/uzi",
          "pitch": 1
      }
    ]
  },
  "gun.mp5": {
    "category": "master",
    "sounds": [ 
      {
          "name": "custom/mp5",
          "pitch": 0.8
      }
    ]
  },  
  "gun.famas": {
    "category": "master",
    "sounds": [ 
      {
          "name": "custom/famas",
          "pitch": 0.9          
      }
    ]     
  },  
  "gun.m4": {
    "category": "master",
    "sounds": [ 
      {
          "name": "custom/m4"
      }
    ]
  }, 
  "gun.sar": {
    "category": "master",
    "sounds": [ 
      {
          "name": "custom/sar"
      }
    ]
  },
  "gun.shotgun": {
    "category": "master",
    "sounds": [ 
      {
          "name": "custom/shotgun"
      }
    ]
  },  
  "gun.sniper": {
    "category": "master",
    "sounds": [ 
      {
          "name": "custom/sniper"
      }
    ]
  },  
  "sound.hitmarker": {
    "category": "master",
    "sounds": [ 
      {
          "name": "custom/hitmarker"
      }
    ]
  },
  "sound.noammo": {
    "category": "master",
    "sounds": [ 
      {
          "name": "custom/noammo"
      }
    ]
  }, 
  "sound.reload": {
    "category": "master",
    "sounds": [ 
      {
          "name": "custom/reload"
      }
    ]
  },
  "custom.ambient.outdoors": {
    "category": "master",
    "sounds": [ 
      {
        "name":"stereo/ambient/outdoors",
        "stream":true
      }
    ]
  },
  "custom.ambient.outdoors.quiet":{
    "sounds":[
      {
          "name":"stereo/ambient/outdoors",
          "pitch":0.5,
          "volume":0.05,
          "stream":true
      }
    ]
  }         
}