{
	"credit": "Made with Blockbench",
	"textures": {
		"0": "custom/item/baseballbat",
		"particle": "custom/item/baseballbat"
	},
	"elements": [
		{
			"from": [7.2, 0, 7.9],
			"to": [8.4, 0.6, 9.1],
			"faces": {
				"north": {"uv": [11, 0, 12, 0.5], "texture": "#0"},
				"east": {"uv": [11, 0, 12, 0.5], "texture": "#0"},
				"south": {"uv": [11, 0, 12, 0.5], "texture": "#0"},
				"west": {"uv": [11, 0, 12, 0.5], "texture": "#0"},
				"up": {"uv": [11, 1, 10, 0], "texture": "#0"},
				"down": {"uv": [11, 0, 10, 1], "texture": "#0"}
			}
		},
		{
			"from": [7.4, 0.6, 8.1],
			"to": [8.2, 4.2, 8.9],
			"faces": {
				"north": {"uv": [8, 0, 9, 3.5], "texture": "#0"},
				"east": {"uv": [8, 0, 9, 3.5], "texture": "#0"},
				"south": {"uv": [8, 0, 9, 3.5], "texture": "#0"},
				"west": {"uv": [8, 0, 9, 3.5], "texture": "#0"},
				"up": {"uv": [11, 2, 10, 1], "texture": "#0"},
				"down": {"uv": [11, 2, 10, 3], "texture": "#0"}
			}
		},
		{
			"from": [7.3, 4.2, 7.9],
			"to": [8.3, 6.5, 9.1],
			"faces": {
				"north": {"uv": [8, 8, 9, 10.5], "texture": "#0"},
				"east": {"uv": [8, 8, 9, 10.5], "texture": "#0"},
				"south": {"uv": [8, 8, 9, 10.5], "texture": "#0"},
				"west": {"uv": [8, 8, 9, 10.5], "texture": "#0"},
				"up": {"uv": [7, 11, 6, 10], "texture": "#0"},
				"down": {"uv": [8, 10, 7, 11], "texture": "#0"}
			}
		},
		{
			"from": [7.1, 6.5, 7.8],
			"to": [8.5, 9.4, 9.2],
			"faces": {
				"north": {"uv": [2, 6, 3.5, 9], "texture": "#0"},
				"east": {"uv": [2, 6, 3.5, 9], "texture": "#0"},
				"south": {"uv": [2, 6, 3.5, 9], "texture": "#0"},
				"west": {"uv": [2, 6, 3.5, 9], "texture": "#0"},
				"up": {"uv": [10.5, 4.5, 9, 3], "texture": "#0"},
				"down": {"uv": [5.5, 9, 4, 10.5], "texture": "#0"}
			}
		},
		{
			"from": [7, 9.4, 7.7],
			"to": [8.6, 15, 9.3],
			"faces": {
				"north": {"uv": [0, 6, 1.5, 11.5], "texture": "#0"},
				"east": {"uv": [0, 6, 1.5, 11.5], "texture": "#0"},
				"south": {"uv": [0, 6, 1.5, 11.5], "texture": "#0"},
				"west": {"uv": [0, 6, 1.5, 11.5], "texture": "#0"},
				"up": {"uv": [10.5, 8.5, 9, 7], "texture": "#0"},
				"down": {"uv": [10.5, 7, 9, 8.5], "texture": "#0"}
			}
		}
	],
	"display": {
		"thirdperson_righthand": {
			"translation": [0, 5.25, 0.75],
			"scale": [1.2, 1.2, 1.2]
		},
		"thirdperson_lefthand": {
			"translation": [0, 5.25, 0.75],
			"scale": [1.2, 1.2, 1.2]
		},
		"firstperson_righthand": {
			"rotation": [3, 0, 0],
			"translation": [-2, 4.75, 2.25]
		},
		"firstperson_lefthand": {
			"rotation": [3, 0, 0],
			"translation": [-2, 4.75, 2.25]
		},
		"ground": {
			"translation": [0, 4, 0]
		},
		"gui": {
			"rotation": [0, 0, -10],
			"translation": [0, 0.5, 0],
			"scale": [1.41, 1.2, 1.19]
		},
		"fixed": {
			"rotation": [0, 0, 11.5],
			"translation": [0, 0.25, -1.25],
			"scale": [1.5, 1.5, 1.5]
		}
	},
	"groups": [
		{
			"name": "bat",
			"origin": [0, 0, 0],
			"color": 0,
			"children": [0, 1, 2, 3, 4]
		}
	]
}