{
	"credit": "Made with Blockbench",
	"textures": {
		"0": "custom/item/cleaver",
		"particle": "custom/item/cleaver"
	},
	"elements": [
		{
			"from": [5.6, 0, 7.2],
			"to": [6.6, 3, 8.3],
			"faces": {
				"north": {"uv": [4, 5, 5, 8], "texture": "#0"},
				"east": {"uv": [4, 5, 5, 8], "texture": "#0"},
				"south": {"uv": [4, 5, 5, 8], "texture": "#0"},
				"west": {"uv": [4, 5, 5, 8], "texture": "#0"},
				"up": {"uv": [8, 6, 7, 5], "texture": "#0"},
				"down": {"uv": [8, 5, 7, 6], "texture": "#0"}
			}
		},
		{
			"from": [5.7, 3, 7.6],
			"to": [8.5, 7.7, 8],
			"faces": {
				"north": {"uv": [0, 0, 3, 5], "texture": "#0"},
				"east": {"uv": [0, 5, 1, 10], "texture": "#0"},
				"south": {"uv": [0, 0, 3, 5], "texture": "#0"},
				"west": {"uv": [1, 5, 2, 10], "texture": "#0"},
				"up": {"uv": [9, 1, 6, 0], "texture": "#0"},
				"down": {"uv": [9, 1, 6, 2], "texture": "#0"}
			}
		},
		{
			"from": [8.5, 5.5, 7.6],
			"to": [8.8, 7.7, 8],
			"faces": {
				"north": {"uv": [6, 2, 7, 4], "texture": "#0"},
				"east": {"uv": [6, 4, 7, 6], "texture": "#0"},
				"south": {"uv": [6, 6, 7, 8], "texture": "#0"},
				"west": {"uv": [7, 2, 8, 4], "texture": "#0"},
				"up": {"uv": [8, 7, 7, 6], "texture": "#0"},
				"down": {"uv": [8, 7, 7, 8], "texture": "#0"}
			}
		}
	],
	"display": {
		"thirdperson_righthand": {
			"rotation": [0, 90, 0],
			"translation": [0, 6.25, -1]
		},
		"thirdperson_lefthand": {
			"rotation": [0, -90, 0],
			"translation": [0, 6.25, -1]
		},
		"firstperson_righthand": {
			"rotation": [-10.25, 89.25, 0],
			"translation": [-1.5, 8.5, 1.75]
		},
		"firstperson_lefthand": {
			"rotation": [-10.25, -89.25, 0],
			"translation": [-1.5, 8.5, 1.75]
		},
		"ground": {
			"translation": [0, 4.5, 0]
		},
		"gui": {
			"rotation": [0, -180, 9],
			"translation": [-0.75, 7.75, 0],
			"scale": [1.8, 1.8, 1.8]
		},
		"fixed": {
			"translation": [1.5, 8, 0],
			"scale": [2, 2, 2]
		}
	},
	"groups": [
		{
			"name": "cleaver",
			"origin": [8, 8, 8],
			"color": 0,
			"children": [
				{
					"name": "handle",
					"origin": [0, 0, 0],
					"color": 0,
					"children": [0]
				},
				{
					"name": "blade",
					"origin": [8, 8, 8],
					"color": 0,
					"children": [1, 2]
				}
			]
		}
	]
}