{
	"credit": "Made with Blockbench",
	"textures": {
		"0": "custom/item/crowbar",
		"particle": "custom/item/crowbar"
	},
	"elements": [
		{
			"from": [5.9999, 1.8, 7],
			"to": [7.3019, 9.204, 8.4],
			"rotation": {"angle": 0, "axis": "y", "origin": [0, 0.5, 0]},
			"faces": {
				"north": {"uv": [0, 0, 1, 7], "texture": "#0"},
				"east": {"uv": [3, 0, 4, 7], "texture": "#0"},
				"south": {"uv": [0, 0, 1, 7], "texture": "#0"},
				"west": {"uv": [3, 0, 4, 7], "texture": "#0"},
				"up": {"uv": [7, 5, 6, 4], "texture": "#0"},
				"down": {"uv": [7, 4, 6, 5], "texture": "#0"}
			}
		},
		{
			"from": [6, 11.1, 3.2],
			"to": [7.3, 13.5, 4.6],
			"rotation": {"angle": 22.5, "axis": "x", "origin": [0, 0.5, 0]},
			"faces": {
				"north": {"uv": [4, 0, 5, 2], "texture": "#0"},
				"east": {"uv": [5, 0, 6, 2], "texture": "#0"},
				"south": {"uv": [4, 0, 5, 2], "texture": "#0"},
				"west": {"uv": [5, 0, 6, 2], "texture": "#0"},
				"up": {"uv": [7, 6, 6, 5], "texture": "#0"},
				"down": {"uv": [7, 5, 6, 6], "texture": "#0"}
			}
		},
		{
			"from": [6.1, 10.1, 8],
			"to": [7.2, 11.3, 9.4],
			"rotation": {"angle": 0, "axis": "x", "origin": [0, 0.5, 0]},
			"faces": {
				"north": {"uv": [6, 6, 7, 7], "texture": "#0"},
				"east": {"uv": [1, 7, 2, 8], "texture": "#0"},
				"south": {"uv": [7, 0, 8, 1], "texture": "#0"},
				"west": {"uv": [1, 7, 2, 8], "texture": "#0"},
				"up": {"uv": [3, 8, 2, 7], "texture": "#0"},
				"down": {"uv": [3, 7, 2, 8], "texture": "#0"}
			}
		},
		{
			"from": [6, 12.9, 4.5],
			"to": [7.3, 14.1, 6.2],
			"rotation": {"angle": 22.5, "axis": "x", "origin": [0, 0.5, 0]},
			"faces": {
				"north": {"uv": [7, 2, 8, 3], "texture": "#0"},
				"east": {"uv": [5, 3, 7, 4], "texture": "#0"},
				"south": {"uv": [7, 2, 8, 3], "texture": "#0"},
				"west": {"uv": [5, 3, 7, 4], "texture": "#0"},
				"up": {"uv": [7, 2, 6, 0], "texture": "#0"},
				"down": {"uv": [7, 0, 6, 2], "texture": "#0"}
			}
		},
		{
			"from": [6, 3.8, 5.9],
			"to": [7.3, 4.9, 7.3],
			"rotation": {"angle": 22.5, "axis": "x", "origin": [0, 0.5, 0]},
			"faces": {
				"north": {"uv": [7, 3, 8, 4], "texture": "#0"},
				"east": {"uv": [5, 7, 6, 8], "texture": "#0"},
				"south": {"uv": [7, 3, 8, 4], "texture": "#0"},
				"west": {"uv": [5, 7, 6, 8], "texture": "#0"},
				"up": {"uv": [8, 6, 7, 5], "texture": "#0"},
				"down": {"uv": [7, 7, 6, 8], "texture": "#0"}
			}
		},
		{
			"from": [6, 5.2, 4.1],
			"to": [7.3, 6.3, 5.5],
			"rotation": {"angle": 45, "axis": "x", "origin": [0, 0.5, 0]},
			"faces": {
				"north": {"uv": [7, 6, 8, 7], "texture": "#0"},
				"east": {"uv": [8, 0, 9, 1], "texture": "#0"},
				"south": {"uv": [7, 6, 8, 7], "texture": "#0"},
				"west": {"uv": [8, 0, 9, 1], "texture": "#0"},
				"up": {"uv": [2, 9, 1, 8], "texture": "#0"},
				"down": {"uv": [9, 1, 8, 2], "texture": "#0"}
			}
		}
	],
	"display": {
		"thirdperson_righthand": {
			"rotation": [0, -180, 0],
			"translation": [-1.5, 5.5, 1.5]
		},
		"thirdperson_lefthand": {
			"rotation": [0, -180, 0],
			"translation": [1.5, 5.5, 1.5]
		},
		"firstperson_righthand": {
			"rotation": [170.25, 0, -180],
			"translation": [-3.25, 5.25, 2.5]
		},
		"firstperson_lefthand": {
			"rotation": [170.25, 0, -180],
			"translation": [-3.25, 5.25, 2.5]
		},
		"ground": {
			"translation": [0, 4.5, 0]
		},
		"gui": {
			"rotation": [-94.01, -75.46, -93.84],
			"translation": [0.75, 2.5, 0],
			"scale": [1.1, 1.1, 1.112]
		},
		"fixed": {
			"rotation": [0, 90, 0],
			"translation": [-0.25, 4, -4.25],
			"scale": [2, 2, 2]
		}
	},
	"groups": [
		{
			"name": "crowbar",
			"origin": [8, 8, 8],
			"color": 0,
			"children": [
				{
					"name": "handle",
					"origin": [8, 8, 8],
					"color": 0,
					"children": [0, 1, 2, 3, 4, 5]
				}
			]
		}
	]
}