{
	"credit": "Made with Blockbench",
	"textures": {
		"0": "custom/item/gun/deserteagle",
		"particle": "custom/item/gun/deserteagle"
	},
	"elements": [
		{
			"from": [2.7, 2.1, 7.1],
			"to": [5, 6.2, 8.2],
			"rotation": {"angle": -22.5, "axis": "z", "origin": [0, 0, 0]},
			"faces": {
				"north": {"uv": [0, 8, 2, 12], "texture": "#0"},
				"east": {"uv": [4, 8, 5, 12], "texture": "#0"},
				"south": {"uv": [2, 8, 4, 12], "texture": "#0"},
				"west": {"uv": [5, 8, 6, 12], "texture": "#0"},
				"up": {"uv": [12, 5, 10, 4], "texture": "#0"},
				"down": {"uv": [12, 5, 10, 6], "texture": "#0"}
			}
		},
		{
			"from": [3.1, 2.8, 7],
			"to": [4.6, 5.1, 7.2],
			"rotation": {"angle": -22.5, "axis": "z", "origin": [0, 0, 0]},
			"faces": {
				"north": {"uv": [6, 10, 7, 12], "texture": "#0"},
				"east": {"uv": [10, 6, 11, 8], "texture": "#0"},
				"south": {"uv": [7, 10, 8, 12], "texture": "#0"},
				"west": {"uv": [8, 10, 9, 12], "texture": "#0"},
				"up": {"uv": [13, 6, 12, 5], "texture": "#0"},
				"down": {"uv": [7, 12, 6, 13], "texture": "#0"}
			}
		},
		{
			"from": [4.4, 3.7, 6.9],
			"to": [13.9, 6, 8.4],
			"faces": {
				"north": {"uv": [0, 0, 10, 2], "texture": "#0"},
				"east": {"uv": [6, 8, 8, 10], "texture": "#0"},
				"south": {"uv": [0, 2, 10, 4], "texture": "#0"},
				"west": {"uv": [8, 8, 10, 10], "texture": "#0"},
				"up": {"uv": [10, 6, 0, 4], "texture": "#0"},
				"down": {"uv": [10, 6, 0, 8], "texture": "#0"}
			}
		},
		{
			"from": [13.9, 4.4, 7.3],
			"to": [14, 5.3, 8],
			"faces": {
				"north": {"uv": [7, 12, 8, 13], "texture": "#0"},
				"east": {"uv": [8, 12, 9, 13], "texture": "#0"},
				"south": {"uv": [12, 8, 13, 9], "texture": "#0"},
				"west": {"uv": [9, 12, 10, 13], "texture": "#0"},
				"up": {"uv": [13, 10, 12, 9], "texture": "#0"},
				"down": {"uv": [11, 12, 10, 13], "texture": "#0"}
			}
		},
		{
			"from": [5.8, 6, 7.1],
			"to": [7.3, 6.1, 7.5],
			"faces": {
				"north": {"uv": [10, 8, 12, 9], "texture": "#0"},
				"east": {"uv": [11, 12, 12, 13], "texture": "#0"},
				"south": {"uv": [9, 10, 11, 11], "texture": "#0"},
				"west": {"uv": [12, 12, 13, 13], "texture": "#0"},
				"up": {"uv": [12, 10, 10, 9], "texture": "#0"},
				"down": {"uv": [13, 6, 11, 7], "texture": "#0"}
			}
		},
		{
			"from": [12.89104, 3.43853, 7.5],
			"to": [15.19104, 3.93853, 7.8],
			"rotation": {"angle": 22.5, "axis": "z", "origin": [8, 0, 8]},
			"faces": {
				"north": {"uv": [11, 7, 13, 8], "texture": "#0"},
				"east": {"uv": [0, 13, 1, 14], "texture": "#0"},
				"south": {"uv": [9, 11, 11, 12], "texture": "#0"},
				"west": {"uv": [13, 0, 14, 1], "texture": "#0"},
				"up": {"uv": [13, 11, 11, 10], "texture": "#0"},
				"down": {"uv": [13, 11, 11, 12], "texture": "#0"}
			}
		},
		{
			"from": [5.8, 6, 7.8],
			"to": [7.3, 6.1, 8.2],
			"faces": {
				"north": {"uv": [0, 12, 2, 13], "texture": "#0"},
				"east": {"uv": [1, 13, 2, 14], "texture": "#0"},
				"south": {"uv": [2, 12, 4, 13], "texture": "#0"},
				"west": {"uv": [13, 1, 14, 2], "texture": "#0"},
				"up": {"uv": [6, 13, 4, 12], "texture": "#0"},
				"down": {"uv": [14, 4, 12, 5], "texture": "#0"}
			}
		},
		{
			"from": [8.9, 2.7, 7.5],
			"to": [9.3, 3.7, 7.8],
			"faces": {
				"north": {"uv": [2, 13, 3, 14], "texture": "#0"},
				"east": {"uv": [13, 2, 14, 3], "texture": "#0"},
				"south": {"uv": [3, 13, 4, 14], "texture": "#0"},
				"west": {"uv": [13, 3, 14, 4], "texture": "#0"},
				"up": {"uv": [5, 14, 4, 13], "texture": "#0"},
				"down": {"uv": [6, 13, 5, 14], "texture": "#0"}
			}
		},
		{
			"from": [6.1, 2.3, 7.5],
			"to": [9.3, 2.7, 7.8],
			"faces": {
				"north": {"uv": [10, 0, 13, 1], "texture": "#0"},
				"east": {"uv": [13, 5, 14, 6], "texture": "#0"},
				"south": {"uv": [10, 1, 13, 2], "texture": "#0"},
				"west": {"uv": [6, 13, 7, 14], "texture": "#0"},
				"up": {"uv": [13, 3, 10, 2], "texture": "#0"},
				"down": {"uv": [13, 3, 10, 4], "texture": "#0"}
			}
		},
		{
			"from": [8.2, -0.2, 7.5],
			"to": [8.4, 1.2, 7.8],
			"rotation": {"angle": 22.5, "axis": "z", "origin": [0, 0, 0]},
			"faces": {
				"north": {"uv": [13, 6, 14, 7], "texture": "#0"},
				"east": {"uv": [7, 13, 8, 14], "texture": "#0"},
				"south": {"uv": [13, 7, 14, 8], "texture": "#0"},
				"west": {"uv": [8, 13, 9, 14], "texture": "#0"},
				"up": {"uv": [14, 9, 13, 8], "texture": "#0"},
				"down": {"uv": [10, 13, 9, 14], "texture": "#0"}
			}
		}
	],
	"display": {
		"thirdperson_righthand": {
			"rotation": [0, 90, 0],
			"translation": [0, 4.75, 0]
		},
		"thirdperson_lefthand": {
			"rotation": [0, -90, 0],
			"translation": [0, 4.75, 0]
		},
		"firstperson_righthand": {
			"rotation": [0, 85, 0],
			"translation": [-2.25, 8.5, 1.75]
		},
		"firstperson_lefthand": {
			"rotation": [0, -85, 0],
			"translation": [-2.25, 8.5, 1.75]
		},
		"ground": {
			"translation": [0, 4, 0]
		},
		"gui": {
			"rotation": [0, -180, 0],
			"translation": [1, 4.75, 0],
			"scale": [1.1, 1.1, 1.1]
		},
		"fixed": {
			"rotation": [0, 0, 14],
			"translation": [-2.25, 5.75, 0],
			"scale": [1.3, 1.3, 1.3]
		}
	},
	"groups": [
		{
			"name": "deserteagle",
			"origin": [0, 0, 0],
			"color": 0,
			"children": [0, 1, 2, 3, 4, 5, 6, 7, 8, 9]
		}
	]
}