{
	"credit": "Made with Blockbench",
	"texture_size": [32, 32],
	"textures": {
		"0": "custom/item/gun/famas",
		"particle": "custom/item/gun/famas"
	},
	"elements": [
		{
			"from": [4, 0, 7],
			"to": [7, 4, 8],
			"faces": {
				"north": {"uv": [0, 5, 1.5, 7], "texture": "#0"},
				"east": {"uv": [8, 6.5, 8.5, 8.5], "texture": "#0"},
				"south": {"uv": [1.5, 5, 3, 7], "texture": "#0"},
				"west": {"uv": [2, 8.5, 2.5, 10.5], "texture": "#0"},
				"up": {"uv": [11, 6.5, 9.5, 6], "texture": "#0"},
				"down": {"uv": [9, 9.5, 7.5, 10], "texture": "#0"}
			}
		},
		{
			"from": [4, 4, 7],
			"to": [8, 5, 8],
			"faces": {
				"north": {"uv": [8, 5.5, 10, 6], "texture": "#0"},
				"east": {"uv": [4.5, 8.5, 5, 9], "texture": "#0"},
				"south": {"uv": [2.5, 8.5, 4.5, 9], "texture": "#0"},
				"west": {"uv": [10, 11, 10.5, 11.5], "texture": "#0"},
				"up": {"uv": [8, 9, 6, 8.5], "texture": "#0"},
				"down": {"uv": [10.5, 6.5, 8.5, 7], "texture": "#0"}
			}
		},
		{
			"from": [3, 5, 7],
			"to": [22, 7, 8],
			"faces": {
				"north": {"uv": [0, 0, 9.5, 1], "texture": "#0"},
				"east": {"uv": [4, 10.5, 4.5, 11.5], "texture": "#0"},
				"south": {"uv": [0, 1, 9.5, 2], "texture": "#0"},
				"west": {"uv": [10.5, 4, 11, 5], "texture": "#0"},
				"up": {"uv": [9.5, 2.5, 0, 2], "texture": "#0"},
				"down": {"uv": [9.5, 2.5, 0, 3], "texture": "#0"}
			}
		},
		{
			"from": [8, 7, 7],
			"to": [22, 8, 8],
			"faces": {
				"north": {"uv": [0, 3, 7, 3.5], "texture": "#0"},
				"east": {"uv": [10.5, 11, 11, 11.5], "texture": "#0"},
				"south": {"uv": [0, 3.5, 7, 4], "texture": "#0"},
				"west": {"uv": [11, 11, 11.5, 11.5], "texture": "#0"},
				"up": {"uv": [7, 4.5, 0, 4], "texture": "#0"},
				"down": {"uv": [7, 4.5, 0, 5], "texture": "#0"}
			}
		},
		{
			"from": [8, 8, 7.3],
			"to": [10, 11, 7.7],
			"faces": {
				"north": {"uv": [6, 7, 7, 8.5], "texture": "#0"},
				"east": {"uv": [9, 9.5, 9.5, 11], "texture": "#0"},
				"south": {"uv": [7, 7, 8, 8.5], "texture": "#0"},
				"west": {"uv": [9.5, 9.5, 10, 11], "texture": "#0"},
				"up": {"uv": [8.5, 11, 7.5, 10.5], "texture": "#0"},
				"down": {"uv": [11.5, 7.5, 10.5, 8], "texture": "#0"}
			}
		},
		{
			"from": [20, 8, 7.3],
			"to": [22, 11, 7.7],
			"faces": {
				"north": {"uv": [0, 7.5, 1, 9], "texture": "#0"},
				"east": {"uv": [0, 10, 0.5, 11.5], "texture": "#0"},
				"south": {"uv": [1, 7.5, 2, 9], "texture": "#0"},
				"west": {"uv": [0.5, 10, 1, 11.5], "texture": "#0"},
				"up": {"uv": [11.5, 8.5, 10.5, 8], "texture": "#0"},
				"down": {"uv": [11.5, 9, 10.5, 9.5], "texture": "#0"}
			}
		},
		{
			"from": [16, 8, 7.3],
			"to": [19, 9, 7.7],
			"faces": {
				"north": {"uv": [2.5, 10, 4, 10.5], "texture": "#0"},
				"east": {"uv": [0.5, 11.5, 1, 12], "texture": "#0"},
				"south": {"uv": [4, 10, 5.5, 10.5], "texture": "#0"},
				"west": {"uv": [11.5, 0.5, 12, 1], "texture": "#0"},
				"up": {"uv": [11.5, 6, 10, 5.5], "texture": "#0"},
				"down": {"uv": [9, 10, 7.5, 10.5], "texture": "#0"}
			}
		},
		{
			"from": [22, 6.1, 7.1],
			"to": [27, 6.9, 7.9],
			"faces": {
				"north": {"uv": [7, 6, 9.5, 6.5], "texture": "#0"},
				"east": {"uv": [1, 11.5, 1.5, 12], "texture": "#0"},
				"south": {"uv": [8, 4, 10.5, 4.5], "texture": "#0"},
				"west": {"uv": [11.5, 1, 12, 1.5], "texture": "#0"},
				"up": {"uv": [10.5, 5, 8, 4.5], "texture": "#0"},
				"down": {"uv": [10.5, 5, 8, 5.5], "texture": "#0"}
			}
		},
		{
			"from": [23.3, 6, 7],
			"to": [24.8, 7, 8],
			"faces": {
				"north": {"uv": [10.5, 9.5, 11.5, 10], "texture": "#0"},
				"east": {"uv": [1.5, 11.5, 2, 12], "texture": "#0"},
				"south": {"uv": [10.5, 10, 11.5, 10.5], "texture": "#0"},
				"west": {"uv": [11.5, 1.5, 12, 2], "texture": "#0"},
				"up": {"uv": [11.5, 11, 10.5, 10.5], "texture": "#0"},
				"down": {"uv": [3.5, 11, 2.5, 11.5], "texture": "#0"}
			}
		},
		{
			"from": [26.3, 6, 7],
			"to": [28.4, 7, 8],
			"faces": {
				"north": {"uv": [11, 4, 12, 4.5], "texture": "#0"},
				"east": {"uv": [11.5, 2, 12, 2.5], "texture": "#0"},
				"south": {"uv": [4.5, 11, 5.5, 11.5], "texture": "#0"},
				"west": {"uv": [2.5, 11.5, 3, 12], "texture": "#0"},
				"up": {"uv": [12, 5, 11, 4.5], "texture": "#0"},
				"down": {"uv": [12, 6, 11, 6.5], "texture": "#0"}
			}
		},
		{
			"from": [14, 8, 7.3],
			"to": [15, 9, 7.7],
			"faces": {
				"north": {"uv": [11.5, 2.5, 12, 3], "texture": "#0"},
				"east": {"uv": [3, 11.5, 3.5, 12], "texture": "#0"},
				"south": {"uv": [4, 11.5, 4.5, 12], "texture": "#0"},
				"west": {"uv": [4.5, 11.5, 5, 12], "texture": "#0"},
				"up": {"uv": [5.5, 12, 5, 11.5], "texture": "#0"},
				"down": {"uv": [12, 5, 11.5, 5.5], "texture": "#0"}
			}
		},
		{
			"from": [10, 10, 7.3],
			"to": [20, 11, 7.7],
			"faces": {
				"north": {"uv": [3, 6.5, 8, 7], "texture": "#0"},
				"east": {"uv": [5.5, 11.5, 6, 12], "texture": "#0"},
				"south": {"uv": [0, 7, 5, 7.5], "texture": "#0"},
				"west": {"uv": [11.5, 5.5, 12, 6], "texture": "#0"},
				"up": {"uv": [12, 3.5, 7, 3], "texture": "#0"},
				"down": {"uv": [12, 3.5, 7, 4], "texture": "#0"}
			}
		},
		{
			"from": [3, 7, 7],
			"to": [4, 8, 8],
			"faces": {
				"north": {"uv": [6, 11.5, 6.5, 12], "texture": "#0"},
				"east": {"uv": [6.5, 11.5, 7, 12], "texture": "#0"},
				"south": {"uv": [11.5, 6.5, 12, 7], "texture": "#0"},
				"west": {"uv": [7, 11.5, 7.5, 12], "texture": "#0"},
				"up": {"uv": [12, 7.5, 11.5, 7], "texture": "#0"},
				"down": {"uv": [8, 11.5, 7.5, 12], "texture": "#0"}
			}
		},
		{
			"from": [2, 5, 7.5],
			"to": [3, 8, 8],
			"faces": {
				"north": {"uv": [1, 10, 1.5, 11.5], "texture": "#0"},
				"east": {"uv": [1.5, 10, 2, 11.5], "texture": "#0"},
				"south": {"uv": [5.5, 10, 6, 11.5], "texture": "#0"},
				"west": {"uv": [6, 10, 6.5, 11.5], "texture": "#0"},
				"up": {"uv": [12, 8, 11.5, 7.5], "texture": "#0"},
				"down": {"uv": [8.5, 11.5, 8, 12], "texture": "#0"}
			}
		},
		{
			"from": [-2, 5, 6.9],
			"to": [2, 8, 8.1],
			"faces": {
				"north": {"uv": [3, 5, 5, 6.5], "texture": "#0"},
				"east": {"uv": [10, 9.5, 10.5, 11], "texture": "#0"},
				"south": {"uv": [5, 5, 7, 6.5], "texture": "#0"},
				"west": {"uv": [2, 10.5, 2.5, 12], "texture": "#0"},
				"up": {"uv": [10.5, 7.5, 8.5, 7], "texture": "#0"},
				"down": {"uv": [10.5, 7.5, 8.5, 8], "texture": "#0"}
			}
		},
		{
			"from": [0.4, 4, 7],
			"to": [3.6, 6, 8],
			"rotation": {"angle": 22.5, "axis": "z", "origin": [0, 0, 0]},
			"faces": {
				"north": {"uv": [2, 7.5, 3.5, 8.5], "texture": "#0"},
				"east": {"uv": [8.5, 10.5, 9, 11.5], "texture": "#0"},
				"south": {"uv": [3.5, 7.5, 5, 8.5], "texture": "#0"},
				"west": {"uv": [3.5, 11, 4, 12], "texture": "#0"},
				"up": {"uv": [11.5, 9, 10, 8.5], "texture": "#0"},
				"down": {"uv": [4, 10.5, 2.5, 11], "texture": "#0"}
			}
		},
		{
			"from": [4, 7, 7.3],
			"to": [8, 7.6, 7.8],
			"faces": {
				"north": {"uv": [8, 8.5, 10, 9], "texture": "#0"},
				"east": {"uv": [11.5, 8, 12, 8.5], "texture": "#0"},
				"south": {"uv": [8.5, 8, 10.5, 8.5], "texture": "#0"},
				"west": {"uv": [8.5, 11.5, 9, 12], "texture": "#0"},
				"up": {"uv": [2, 9.5, 0, 9], "texture": "#0"},
				"down": {"uv": [4.5, 9, 2.5, 9.5], "texture": "#0"}
			}
		},
		{
			"from": [4, 7, 7.8],
			"to": [8, 8, 8],
			"faces": {
				"north": {"uv": [4.5, 9, 6.5, 9.5], "texture": "#0"},
				"east": {"uv": [11.5, 8.5, 12, 9], "texture": "#0"},
				"south": {"uv": [6.5, 9, 8.5, 9.5], "texture": "#0"},
				"west": {"uv": [9, 11.5, 9.5, 12], "texture": "#0"},
				"up": {"uv": [10.5, 9.5, 8.5, 9], "texture": "#0"},
				"down": {"uv": [2, 9.5, 0, 10], "texture": "#0"}
			}
		},
		{
			"from": [9, 4, 6.9],
			"to": [13, 5, 8.1],
			"faces": {
				"north": {"uv": [9.5, 0, 11.5, 0.5], "texture": "#0"},
				"east": {"uv": [11.5, 9, 12, 9.5], "texture": "#0"},
				"south": {"uv": [9.5, 0.5, 11.5, 1], "texture": "#0"},
				"west": {"uv": [9.5, 11.5, 10, 12], "texture": "#0"},
				"up": {"uv": [11.5, 1.5, 9.5, 1], "texture": "#0"},
				"down": {"uv": [11.5, 1.5, 9.5, 2], "texture": "#0"}
			}
		},
		{
			"from": [17, 4, 7.1],
			"to": [21, 5, 7.9],
			"faces": {
				"north": {"uv": [9.5, 2, 11.5, 2.5], "texture": "#0"},
				"east": {"uv": [11.5, 9.5, 12, 10], "texture": "#0"},
				"south": {"uv": [2.5, 9.5, 4.5, 10], "texture": "#0"},
				"west": {"uv": [10, 11.5, 10.5, 12], "texture": "#0"},
				"up": {"uv": [11.5, 3, 9.5, 2.5], "texture": "#0"},
				"down": {"uv": [6.5, 9.5, 4.5, 10], "texture": "#0"}
			}
		},
		{
			"from": [8, 2.2, 7],
			"to": [10, 5.2, 8],
			"rotation": {"angle": -22.5, "axis": "z", "origin": [8, 0, 7]},
			"faces": {
				"north": {"uv": [7, 4, 8, 6], "texture": "#0"},
				"east": {"uv": [6.5, 9.5, 7, 11.5], "texture": "#0"},
				"south": {"uv": [5, 7, 6, 9], "texture": "#0"},
				"west": {"uv": [7, 9.5, 7.5, 11.5], "texture": "#0"},
				"up": {"uv": [8.5, 11.5, 7.5, 11], "texture": "#0"},
				"down": {"uv": [10, 11, 9, 11.5], "texture": "#0"}
			}
		}
	],
	"display": {
		"thirdperson_righthand": {
			"rotation": [0, 90, 0],
			"translation": [0, 3.75, 0],
			"scale": [0.9, 0.9, 0.9]
		},
		"thirdperson_lefthand": {
			"rotation": [0, -90, 0],
			"translation": [0, 3.75, 0],
			"scale": [0.9, 0.9, 0.9]
		},
		"firstperson_righthand": {
			"rotation": [0, 90, 0],
			"translation": [-2, 5.75, 5.25]
		},
		"ground": {
			"translation": [0, 4.75, 0]
		},
		"gui": {
			"rotation": [0, -180, 0],
			"translation": [3.75, 1.5, 0],
			"scale": [0.8, 0.8, 0.8]
		},
		"fixed": {
			"translation": [-3.5, 1.25, -1]
		}
	},
	"groups": [
		{
			"name": "group",
			"origin": [8, 8, 8],
			"color": 0,
			"children": [0, 1, 2, 3, 4, 5, 6, 7, 8, 9, 10, 11, 12, 13, 14, 15, 16, 17, 18, 19, 20]
		}
	]
}