{
	"credit": "Made with Blockbench",
	"texture_size": [32, 32],
	"textures": {
		"0": "custom/item/grenade",
		"particle": "custom/item/grenade"
	},
	"elements": [
		{
			"from": [6, 0, 5],
			"to": [11, 6, 10],
			"rotation": {"angle": 0, "axis": "x", "origin": [7, 0, 7]},
			"faces": {
				"north": {"uv": [2.5, 0, 5, 3], "texture": "#0"},
				"east": {"uv": [2.5, 0, 5, 3], "texture": "#0"},
				"south": {"uv": [2.5, 0, 5, 3], "texture": "#0"},
				"west": {"uv": [2.5, 0, 5, 3], "texture": "#0"},
				"up": {"uv": [7.5, 2.5, 5, 0], "texture": "#0"},
				"down": {"uv": [7.5, 2.5, 5, 5], "texture": "#0"}
			}
		},
		{
			"from": [6.7, 6, 5.7],
			"to": [10.3, 6.8, 9.3],
			"rotation": {"angle": 0, "axis": "y", "origin": [7, 0, 7]},
			"faces": {
				"north": {"uv": [7.5, 0, 9.5, 0.5], "texture": "#0"},
				"east": {"uv": [7.5, 0.5, 9.5, 1], "texture": "#0"},
				"south": {"uv": [7.5, 1, 9.5, 1.5], "texture": "#0"},
				"west": {"uv": [7.5, 1.5, 9.5, 2], "texture": "#0"},
				"up": {"uv": [7, 7, 5, 5], "texture": "#0"},
				"down": {"uv": [2, 6, 0, 8], "texture": "#0"}
			}
		},
		{
			"from": [7.7, 6.8, 6.3],
			"to": [9.3, 7.6, 8.7],
			"rotation": {"angle": 0, "axis": "y", "origin": [7, 0, 7]},
			"faces": {
				"north": {"uv": [8, 4.5, 9, 5], "texture": "#0"},
				"east": {"uv": [8, 5, 9, 5.5], "texture": "#0"},
				"south": {"uv": [8, 5.5, 9, 6], "texture": "#0"},
				"west": {"uv": [8, 6, 9, 6.5], "texture": "#0"},
				"up": {"uv": [3, 8.5, 2, 7.5], "texture": "#0"},
				"down": {"uv": [8.5, 2, 7.5, 3], "texture": "#0"}
			}
		},
		{
			"from": [7.3, 6.1, 8.6],
			"to": [9.7, 6.6, 11.9],
			"rotation": {"angle": -45, "axis": "x", "origin": [7, 0, 7]},
			"faces": {
				"north": {"uv": [8, 6.5, 9, 7], "texture": "#0"},
				"east": {"uv": [3, 7.5, 4.5, 8], "texture": "#0"},
				"south": {"uv": [7, 8, 8, 8.5], "texture": "#0"},
				"west": {"uv": [7.5, 3, 9, 3.5], "texture": "#0"},
				"up": {"uv": [6, 8.5, 5, 7], "texture": "#0"},
				"down": {"uv": [8, 5, 7, 6.5], "texture": "#0"}
			}
		},
		{
			"from": [7.4, 3.1, 3.5],
			"to": [9.6, 5.9, 4.1],
			"rotation": {"angle": 0, "axis": "x", "origin": [7, 0, 7]},
			"faces": {
				"north": {"uv": [6, 7, 7, 8.5], "texture": "#0"},
				"east": {"uv": [7.5, 3.5, 8, 5], "texture": "#0"},
				"south": {"uv": [7, 6.5, 8, 8], "texture": "#0"},
				"west": {"uv": [4.5, 7.5, 5, 9], "texture": "#0"},
				"up": {"uv": [9, 7.5, 8, 7], "texture": "#0"},
				"down": {"uv": [9, 7.5, 8, 8], "texture": "#0"}
			}
		},
		{
			"from": [7.2, 7.6, 5.8],
			"to": [9.8, 8.1, 9.1],
			"rotation": {"angle": 0, "axis": "y", "origin": [7, 0, 7]},
			"faces": {
				"north": {"uv": [0, 8, 1.5, 8.5], "texture": "#0"},
				"east": {"uv": [3, 8, 4.5, 8.5], "texture": "#0"},
				"south": {"uv": [8, 3.5, 9.5, 4], "texture": "#0"},
				"west": {"uv": [8, 4, 9.5, 4.5], "texture": "#0"},
				"up": {"uv": [3.5, 7.5, 2, 6], "texture": "#0"},
				"down": {"uv": [5, 6, 3.5, 7.5], "texture": "#0"}
			}
		}
	],
	"display": {
		"thirdperson_righthand": {
			"rotation": [0, -180, 0],
			"translation": [0.5, 2.75, 0],
			"scale": [0.8, 0.8, 0.8]
		},
		"thirdperson_lefthand": {
			"rotation": [0, -180, 0],
			"translation": [0.5, 2.75, 0],
			"scale": [0.8, 0.8, 0.8]
		},
		"firstperson_righthand": {
			"rotation": [0, -180, 0],
			"translation": [-1.25, 6.25, 0.75],
			"scale": [0.8, 0.8, 0.8]
		},
		"firstperson_lefthand": {
			"rotation": [0, -180, 0],
			"translation": [-1.25, 6.25, 0.75],
			"scale": [0.8, 0.8, 0.8]
		},
		"ground": {
			"translation": [0, 4.25, 0],
			"scale": [0.9, 0.9, 0.9]
		},
		"gui": {
			"rotation": [0, -90, 0],
			"translation": [-1, 4.75, 0],
			"scale": [1.2, 1.2, 1.2]
		},
		"fixed": {
			"rotation": [0, 90, 0],
			"translation": [0.5, 4, 0]
		}
	},
	"groups": [
		{
			"name": "group",
			"origin": [8, 8, 8],
			"color": 0,
			"children": [0, 1, 2, 3, 4, 5]
		}
	]
}