{
	"credit": "Made with Blockbench",
	"textures": {
		"0": "custom/item/gun/handmadeshotgun",
		"particle": "custom/item/gun/handmadeshotgun"
	},
	"elements": [
		{
			"from": [5, 3.7, 7],
			"to": [8, 5.3, 8],
			"rotation": {"angle": 45, "axis": "z", "origin": [8, 1, 7]},
			"faces": {
				"north": {"uv": [10, 6, 13, 7.5], "texture": "#0"},
				"east": {"uv": [6, 12, 7, 13.5], "texture": "#0"},
				"south": {"uv": [7, 10, 10, 11.5], "texture": "#0"},
				"west": {"uv": [7, 12, 8, 13.5], "texture": "#0"},
				"up": {"uv": [14, 4, 11, 3], "texture": "#0"},
				"down": {"uv": [14, 8, 11, 9], "texture": "#0"}
			}
		},
		{
			"from": [6, 3.2, 6.9],
			"to": [9, 5, 8.1],
			"rotation": {"angle": 22.5, "axis": "z", "origin": [8, 1, 7]},
			"faces": {
				"north": {"uv": [8, 8, 11, 10], "texture": "#0"},
				"east": {"uv": [4, 12, 5, 14], "texture": "#0"},
				"south": {"uv": [0, 10, 3, 12], "texture": "#0"},
				"west": {"uv": [5, 12, 6, 14], "texture": "#0"},
				"up": {"uv": [14, 10, 11, 9], "texture": "#0"},
				"down": {"uv": [13, 11, 10, 12], "texture": "#0"}
			}
		},
		{
			"from": [7.2, 3.1, 6.8],
			"to": [11.2, 5.2, 8.2],
			"rotation": {"angle": 0, "axis": "z", "origin": [8, 1, 7]},
			"faces": {
				"north": {"uv": [0, 8, 4, 10], "texture": "#0"},
				"east": {"uv": [0, 12, 1.5, 14], "texture": "#0"},
				"south": {"uv": [4, 8, 8, 10], "texture": "#0"},
				"west": {"uv": [2, 12, 3.5, 14], "texture": "#0"},
				"up": {"uv": [7, 11.5, 3, 10], "texture": "#0"},
				"down": {"uv": [14, 4, 10, 5.5], "texture": "#0"}
			}
		},
		{
			"from": [11.2, 3.2, 7.1],
			"to": [21.2, 4, 7.9],
			"rotation": {"angle": 0, "axis": "z", "origin": [8, 1, 7]},
			"faces": {
				"north": {"uv": [0, 4, 10, 5], "texture": "#0"},
				"east": {"uv": [8, 12, 9, 13], "texture": "#0"},
				"south": {"uv": [0, 5, 10, 6], "texture": "#0"},
				"west": {"uv": [9, 12, 10, 13], "texture": "#0"},
				"up": {"uv": [10, 7, 0, 6], "texture": "#0"},
				"down": {"uv": [10, 7, 0, 8], "texture": "#0"}
			}
		},
		{
			"from": [11.2, 4.2, 7.1],
			"to": [22.2, 5.1, 7.9],
			"rotation": {"angle": 0, "axis": "z", "origin": [8, 1, 7]},
			"faces": {
				"north": {"uv": [0, 0, 11, 1], "texture": "#0"},
				"east": {"uv": [10, 12, 11, 13], "texture": "#0"},
				"south": {"uv": [0, 1, 11, 2], "texture": "#0"},
				"west": {"uv": [11, 12, 12, 13], "texture": "#0"},
				"up": {"uv": [11, 3, 0, 2], "texture": "#0"},
				"down": {"uv": [11, 3, 0, 4], "texture": "#0"}
			}
		},
		{
			"from": [22.2, 4.4, 7.3],
			"to": [22.3, 4.9, 7.7],
			"rotation": {"angle": 0, "axis": "z", "origin": [8, 1, 7]},
			"faces": {
				"north": {"uv": [13, 7, 13.5, 7.5], "texture": "#0"},
				"east": {"uv": [8, 13, 8.5, 13.5], "texture": "#0"},
				"south": {"uv": [9, 13, 9.5, 13.5], "texture": "#0"},
				"west": {"uv": [10, 13, 10.5, 13.5], "texture": "#0"},
				"up": {"uv": [11.5, 13.5, 11, 13], "texture": "#0"},
				"down": {"uv": [13.5, 11, 13, 11.5], "texture": "#0"}
			}
		},
		{
			"from": [16.2, 3.1, 7],
			"to": [20.2, 4.1, 8],
			"rotation": {"angle": 0, "axis": "z", "origin": [8, 1, 7]},
			"faces": {
				"north": {"uv": [10, 10, 14, 11], "texture": "#0"},
				"east": {"uv": [12, 12, 13, 13], "texture": "#0"},
				"south": {"uv": [11, 0, 15, 1], "texture": "#0"},
				"west": {"uv": [13, 6, 14, 7], "texture": "#0"},
				"up": {"uv": [15, 2, 11, 1], "texture": "#0"},
				"down": {"uv": [15, 2, 11, 3], "texture": "#0"}
			}
		}
	],
	"display": {
		"thirdperson_righthand": {
			"rotation": [0, 90, 0],
			"translation": [0, 5.25, 2.5]
		},
		"thirdperson_lefthand": {
			"rotation": [0, -90, 0],
			"translation": [0, 5.25, 2.5]
		},
		"firstperson_righthand": {
			"rotation": [0, 86, 0],
			"translation": [-4, 9.25, 6.25]
		},
		"firstperson_lefthand": {
			"rotation": [0, -86, 0],
			"translation": [-4, 9.25, 6.25]
		},
		"ground": {
			"translation": [0, 3.25, 0]
		},
		"gui": {
			"rotation": [0, -180, 0],
			"translation": [4.5, 4.5, 0]
		},
		"fixed": {
			"translation": [-5.25, 4.5, -1],
			"scale": [1.2, 1.2, 1.2]
		}
	},
	"groups": [
		{
			"name": "group",
			"origin": [8, 8, 8],
			"color": 0,
			"children": [0, 1, 2, 3, 4, 5, 6]
		}
	]
}