{
	"credit": "Made with Blockbench",
	"textures": {
		"0": "custom/item/hatchet",
		"particle": "custom/item/hatchet"
	},
	"elements": [
		{
			"from": [5.9, 0, 6.9],
			"to": [7.1, 9, 8.1],
			"faces": {
				"north": {"uv": [2, 0, 3, 9], "texture": "#0"},
				"east": {"uv": [2, 0, 3, 9], "texture": "#0"},
				"south": {"uv": [2, 0, 3, 9], "texture": "#0"},
				"west": {"uv": [2, 0, 3, 9], "texture": "#0"},
				"up": {"uv": [11, 4, 10, 3], "texture": "#0"},
				"down": {"uv": [11, 3, 10, 4], "texture": "#0"}
			}
		},
		{
			"from": [5.7, 6.7, 6.7],
			"to": [7.3, 8.7, 8.3],
			"faces": {
				"north": {"uv": [4, 6, 5.5, 8], "texture": "#0"},
				"east": {"uv": [4, 6, 5.5, 8], "texture": "#0"},
				"south": {"uv": [4, 6, 5.5, 8], "texture": "#0"},
				"west": {"uv": [4, 6, 5.5, 8], "texture": "#0"},
				"up": {"uv": [3.5, 10.5, 2, 9], "texture": "#0"},
				"down": {"uv": [3.5, 9, 2, 10.5], "texture": "#0"}
			}
		},
		{
			"from": [7.1, 6.6, 7.2],
			"to": [8.4, 8.8, 7.8],
			"faces": {
				"north": {"uv": [4, 8, 5.5, 10], "texture": "#0"},
				"east": {"uv": [4, 10, 4.5, 12], "texture": "#0"},
				"south": {"uv": [4, 8, 5.5, 10], "texture": "#0"},
				"west": {"uv": [10, 4, 10.5, 6], "texture": "#0"},
				"up": {"uv": [2.5, 11.5, 1, 11], "texture": "#0"},
				"down": {"uv": [2.5, 11, 1, 11.5], "texture": "#0"}
			}
		},
		{
			"from": [9.2, 6.6, 7.2],
			"to": [9.8, 8.5, 7.8],
			"faces": {
				"north": {"uv": [5, 10, 5.5, 12], "texture": "#0"},
				"east": {"uv": [10, 8, 10.5, 10], "texture": "#0"},
				"south": {"uv": [5, 10, 5.5, 12], "texture": "#0"},
				"west": {"uv": [0, 11, 0.5, 13], "texture": "#0"},
				"up": {"uv": [11.5, 3.5, 11, 3], "texture": "#0"},
				"down": {"uv": [11.5, 3, 11, 3.5], "texture": "#0"}
			}
		},
		{
			"from": [8.4, 6.3, 7.2],
			"to": [9.2, 9.2, 7.8],
			"faces": {
				"north": {"uv": [6, 8, 7, 11], "texture": "#0"},
				"east": {"uv": [9, 8, 9.5, 11], "texture": "#0"},
				"south": {"uv": [6, 8, 7, 11], "texture": "#0"},
				"west": {"uv": [10, 0, 10.5, 3], "texture": "#0"},
				"up": {"uv": [12, 2.5, 11, 2], "texture": "#0"},
				"down": {"uv": [12, 2, 11, 2.5], "texture": "#0"}
			}
		},
		{
			"from": [5.8, 1.5, 6.8],
			"to": [7.2, 4.5, 8.2],
			"faces": {
				"north": {"uv": [6, 0, 7.5, 3], "texture": "#0"},
				"east": {"uv": [6, 0, 7.5, 3], "texture": "#0"},
				"south": {"uv": [6, 0, 7.5, 3], "texture": "#0"},
				"west": {"uv": [6, 0, 7.5, 3], "texture": "#0"},
				"up": {"uv": [8.5, 10.5, 7, 9], "texture": "#0"},
				"down": {"uv": [8.5, 9, 7, 10.5], "texture": "#0"}
			}
		}
	],
	"display": {
		"thirdperson_righthand": {
			"rotation": [0, 90, 0],
			"translation": [0, 4.5, 0]
		},
		"thirdperson_lefthand": {
			"rotation": [0, -90, 0],
			"translation": [0, 4.5, 0]
		},
		"firstperson_righthand": {
			"rotation": [-4.25, 90, 0],
			"translation": [-1.25, 6.25, 1.25]
		},
		"firstperson_lefthand": {
			"rotation": [-4.25, -90, 0],
			"translation": [-1.25, 6.25, 1.25]
		},
		"ground": {
			"translation": [0, 4.25, 0]
		},
		"gui": {
			"rotation": [-180, 0, -168.25],
			"translation": [0, 4, 0],
			"scale": [1.3, 1.3, 1.3]
		},
		"fixed": {
			"translation": [1.25, 7, 0],
			"scale": [2, 2, 2]
		}
	},
	"groups": [
		{
			"name": "hatchet",
			"origin": [8, 8, 8],
			"color": 0,
			"children": [0, 1, 2, 3, 4, 5]
		}
	]
}