{
	"credit": "Made with Blockbench",
	"texture_size": [32, 32],
	"textures": {
		"0": "custom/item/gun/m4",
		"particle": "custom/item/gun/m4"
	},
	"elements": [
		{
			"from": [3, -1, 7],
			"to": [5, 4, 8],
			"rotation": {"angle": -22.5, "axis": "z", "origin": [8, 0, 8]},
			"faces": {
				"north": {"uv": [3.5, 2, 4.5, 4.5], "texture": "#0"},
				"east": {"uv": [4, 5, 4.5, 7.5], "texture": "#0"},
				"south": {"uv": [3.5, 2, 4.5, 4.5], "texture": "#0"},
				"west": {"uv": [5.5, 4.5, 6, 7], "texture": "#0"},
				"up": {"uv": [8, 2, 7, 1.5], "texture": "#0"},
				"down": {"uv": [8, 4, 7, 4.5], "texture": "#0"}
			}
		},
		{
			"from": [4.2, 4.3, 6.9],
			"to": [11.2, 6.3, 8.1],
			"rotation": {"angle": 0, "axis": "z", "origin": [8, 0, 8]},
			"faces": {
				"north": {"uv": [0, 0, 3.5, 1], "texture": "#0"},
				"east": {"uv": [5.5, 7, 6, 8], "texture": "#0"},
				"south": {"uv": [0, 1, 3.5, 2], "texture": "#0"},
				"west": {"uv": [7, 6.5, 7.5, 7.5], "texture": "#0"},
				"up": {"uv": [4.5, 5, 1, 4.5], "texture": "#0"},
				"down": {"uv": [8, 2, 4.5, 2.5], "texture": "#0"}
			}
		},
		{
			"from": [3.2, 4.7, 7.1],
			"to": [4.2, 5.9, 7.9],
			"rotation": {"angle": 0, "axis": "z", "origin": [8, 0, 8]},
			"faces": {
				"north": {"uv": [3, 4, 3.5, 4.5], "texture": "#0"},
				"east": {"uv": [5.5, 8, 6, 8.5], "texture": "#0"},
				"south": {"uv": [8, 5.5, 8.5, 6], "texture": "#0"},
				"west": {"uv": [6, 8, 6.5, 8.5], "texture": "#0"},
				"up": {"uv": [7, 8.5, 6.5, 8], "texture": "#0"},
				"down": {"uv": [8, 8, 7.5, 8.5], "texture": "#0"}
			}
		},
		{
			"from": [-0.8, 4.5, 6.9],
			"to": [3.2, 6.1, 8.1],
			"rotation": {"angle": 0, "axis": "z", "origin": [8, 0, 8]},
			"faces": {
				"north": {"uv": [4.5, 2.5, 6.5, 3.25], "texture": "#0"},
				"east": {"uv": [5, 7.5, 5.5, 8.25], "texture": "#0"},
				"south": {"uv": [4.5, 2.5, 6.5, 3.25], "texture": "#0"},
				"west": {"uv": [7, 7.5, 7.5, 8.25], "texture": "#0"},
				"up": {"uv": [3, 4.5, 1, 4], "texture": "#0"},
				"down": {"uv": [8, 4.5, 6, 5], "texture": "#0"}
			}
		},
		{
			"from": [4.4, 7.2, 7.1],
			"to": [7.5, 8.1, 7.9],
			"rotation": {"angle": 45, "axis": "z", "origin": [8, 0, 8]},
			"faces": {
				"north": {"uv": [6, 6, 7.5, 6.5], "texture": "#0"},
				"east": {"uv": [8, 8, 8.5, 8.5], "texture": "#0"},
				"south": {"uv": [6, 6, 7.5, 6.5], "texture": "#0"},
				"west": {"uv": [0, 8.5, 0.5, 9], "texture": "#0"},
				"up": {"uv": [3, 7, 1.5, 6.5], "texture": "#0"},
				"down": {"uv": [8, 2.5, 6.5, 3], "texture": "#0"}
			}
		},
		{
			"from": [-0.5, 2.5, 7],
			"to": [0.4, 5.6, 8],
			"rotation": {"angle": 0, "axis": "z", "origin": [8, 0, 8]},
			"faces": {
				"north": {"uv": [4.5, 6, 5, 7.5], "texture": "#0"},
				"east": {"uv": [5, 6, 5.5, 7.5], "texture": "#0"},
				"south": {"uv": [4.5, 6, 5, 7.5], "texture": "#0"},
				"west": {"uv": [6.5, 3, 7, 4.5], "texture": "#0"},
				"up": {"uv": [9, 0.5, 8.5, 0], "texture": "#0"},
				"down": {"uv": [1, 8.5, 0.5, 9], "texture": "#0"}
			}
		},
		{
			"from": [11.8, 4.6, 6.8],
			"to": [18.8, 6, 8.2],
			"rotation": {"angle": 0, "axis": "z", "origin": [7.9, 0, 8]},
			"faces": {
				"north": {"uv": [0, 2, 3.5, 2.75], "texture": "#0"},
				"east": {"uv": [2, 7, 2.75, 7.75], "texture": "#0"},
				"south": {"uv": [0, 3, 3.5, 3.75], "texture": "#0"},
				"west": {"uv": [7, 3, 7.75, 3.75], "texture": "#0"},
				"up": {"uv": [7, 0.75, 3.5, 0], "texture": "#0"},
				"down": {"uv": [7, 1, 3.5, 1.75], "texture": "#0"}
			}
		},
		{
			"from": [11.8, 6, 7.2],
			"to": [12.1, 6.1, 7.8],
			"rotation": {"angle": 0, "axis": "z", "origin": [7.9, 0, 8]},
			"faces": {
				"north": {"uv": [7.5, 8.5, 7.75, 8.75], "texture": "#0"},
				"east": {"uv": [8, 8.5, 8.25, 8.75], "texture": "#0"},
				"south": {"uv": [8.5, 8, 8.75, 8.25], "texture": "#0"},
				"west": {"uv": [8.5, 8.5, 8.75, 8.75], "texture": "#0"},
				"up": {"uv": [0.25, 9.25, 0, 9], "texture": "#0"},
				"down": {"uv": [9.25, 0, 9, 0.25], "texture": "#0"}
			}
		},
		{
			"from": [4.7, 6.3, 7.1],
			"to": [5.2, 6.4, 7.9],
			"rotation": {"angle": 0, "axis": "z", "origin": [7.9, 0, 8]},
			"faces": {
				"north": {"uv": [0.5, 9, 0.75, 9.25], "texture": "#0"},
				"east": {"uv": [8.5, 1, 9, 1.25], "texture": "#0"},
				"south": {"uv": [9, 0.5, 9.25, 0.75], "texture": "#0"},
				"west": {"uv": [8.5, 2, 9, 2.25], "texture": "#0"},
				"up": {"uv": [2.75, 9, 2.5, 8.5], "texture": "#0"},
				"down": {"uv": [8.75, 2.5, 8.5, 3], "texture": "#0"}
			}
		},
		{
			"from": [4.8, 6.4, 7.2],
			"to": [5.1, 6.5, 7.8],
			"rotation": {"angle": 0, "axis": "z", "origin": [7.9, 0, 8]},
			"faces": {
				"north": {"uv": [1, 9, 1.25, 9.25], "texture": "#0"},
				"east": {"uv": [9, 1, 9.25, 1.25], "texture": "#0"},
				"south": {"uv": [9, 2, 9.25, 2.25], "texture": "#0"},
				"west": {"uv": [2.5, 9, 2.75, 9.25], "texture": "#0"},
				"up": {"uv": [9.25, 2.75, 9, 2.5], "texture": "#0"},
				"down": {"uv": [3.25, 9, 3, 9.25], "texture": "#0"}
			}
		},
		{
			"from": [4.8, 6.5, 7.3],
			"to": [5.1, 6.7, 7.4],
			"rotation": {"angle": 0, "axis": "z", "origin": [7.9, 0, 8]},
			"faces": {
				"north": {"uv": [9, 3, 9.25, 3.25], "texture": "#0"},
				"east": {"uv": [9, 3.5, 9.25, 3.75], "texture": "#0"},
				"south": {"uv": [9, 4, 9.25, 4.25], "texture": "#0"},
				"west": {"uv": [9, 4.5, 9.25, 4.75], "texture": "#0"},
				"up": {"uv": [5.25, 9.25, 5, 9], "texture": "#0"},
				"down": {"uv": [9.25, 5, 9, 5.25], "texture": "#0"}
			}
		},
		{
			"from": [4.8, 6.5, 7.6],
			"to": [5.1, 6.7, 7.7],
			"rotation": {"angle": 0, "axis": "z", "origin": [7.9, 0, 8]},
			"faces": {
				"north": {"uv": [5.5, 9, 5.75, 9.25], "texture": "#0"},
				"east": {"uv": [9, 5.5, 9.25, 5.75], "texture": "#0"},
				"south": {"uv": [6, 9, 6.25, 9.25], "texture": "#0"},
				"west": {"uv": [6.5, 9, 6.75, 9.25], "texture": "#0"},
				"up": {"uv": [7.25, 9.25, 7, 9], "texture": "#0"},
				"down": {"uv": [9.25, 7, 9, 7.25], "texture": "#0"}
			}
		},
		{
			"from": [12.3, 6, 7.2],
			"to": [12.6, 6.1, 7.8],
			"rotation": {"angle": 0, "axis": "z", "origin": [7.9, 0, 8]},
			"faces": {
				"north": {"uv": [7.5, 9, 7.75, 9.25], "texture": "#0"},
				"east": {"uv": [9, 7.5, 9.25, 7.75], "texture": "#0"},
				"south": {"uv": [8, 9, 8.25, 9.25], "texture": "#0"},
				"west": {"uv": [9, 8, 9.25, 8.25], "texture": "#0"},
				"up": {"uv": [8.75, 9.25, 8.5, 9], "texture": "#0"},
				"down": {"uv": [9.25, 8.5, 9, 8.75], "texture": "#0"}
			}
		},
		{
			"from": [12.8, 6, 7.2],
			"to": [13.1, 6.1, 7.8],
			"rotation": {"angle": 0, "axis": "z", "origin": [7.9, 0, 8]},
			"faces": {
				"north": {"uv": [9, 9, 9.25, 9.25], "texture": "#0"},
				"east": {"uv": [0, 9.5, 0.25, 9.75], "texture": "#0"},
				"south": {"uv": [9.5, 0, 9.75, 0.25], "texture": "#0"},
				"west": {"uv": [0.5, 9.5, 0.75, 9.75], "texture": "#0"},
				"up": {"uv": [9.75, 0.75, 9.5, 0.5], "texture": "#0"},
				"down": {"uv": [1.25, 9.5, 1, 9.75], "texture": "#0"}
			}
		},
		{
			"from": [13.3, 6, 7.2],
			"to": [13.6, 6.1, 7.8],
			"rotation": {"angle": 0, "axis": "z", "origin": [7.9, 0, 8]},
			"faces": {
				"north": {"uv": [9.5, 1, 9.75, 1.25], "texture": "#0"},
				"east": {"uv": [1.5, 9.5, 1.75, 9.75], "texture": "#0"},
				"south": {"uv": [9.5, 1.5, 9.75, 1.75], "texture": "#0"},
				"west": {"uv": [2, 9.5, 2.25, 9.75], "texture": "#0"},
				"up": {"uv": [9.75, 2.25, 9.5, 2], "texture": "#0"},
				"down": {"uv": [2.75, 9.5, 2.5, 9.75], "texture": "#0"}
			}
		},
		{
			"from": [13.8, 6, 7.2],
			"to": [14.1, 6.1, 7.8],
			"rotation": {"angle": 0, "axis": "z", "origin": [7.9, 0, 8]},
			"faces": {
				"north": {"uv": [9.5, 2.5, 9.75, 2.75], "texture": "#0"},
				"east": {"uv": [3, 9.5, 3.25, 9.75], "texture": "#0"},
				"south": {"uv": [9.5, 3, 9.75, 3.25], "texture": "#0"},
				"west": {"uv": [3.5, 9.5, 3.75, 9.75], "texture": "#0"},
				"up": {"uv": [9.75, 3.75, 9.5, 3.5], "texture": "#0"},
				"down": {"uv": [4.25, 9.5, 4, 9.75], "texture": "#0"}
			}
		},
		{
			"from": [16.3, 6, 7.2],
			"to": [16.6, 6.1, 7.8],
			"rotation": {"angle": 0, "axis": "z", "origin": [7.9, 0, 8]},
			"faces": {
				"north": {"uv": [9.5, 4, 9.75, 4.25], "texture": "#0"},
				"east": {"uv": [4.5, 9.5, 4.75, 9.75], "texture": "#0"},
				"south": {"uv": [9.5, 4.5, 9.75, 4.75], "texture": "#0"},
				"west": {"uv": [5, 9.5, 5.25, 9.75], "texture": "#0"},
				"up": {"uv": [9.75, 5.25, 9.5, 5], "texture": "#0"},
				"down": {"uv": [5.75, 9.5, 5.5, 9.75], "texture": "#0"}
			}
		},
		{
			"from": [15.8, 6, 7.2],
			"to": [16.1, 6.1, 7.8],
			"rotation": {"angle": 0, "axis": "z", "origin": [7.9, 0, 8]},
			"faces": {
				"north": {"uv": [9.5, 5.5, 9.75, 5.75], "texture": "#0"},
				"east": {"uv": [6, 9.5, 6.25, 9.75], "texture": "#0"},
				"south": {"uv": [9.5, 6, 9.75, 6.25], "texture": "#0"},
				"west": {"uv": [6.5, 9.5, 6.75, 9.75], "texture": "#0"},
				"up": {"uv": [9.75, 6.75, 9.5, 6.5], "texture": "#0"},
				"down": {"uv": [7.25, 9.5, 7, 9.75], "texture": "#0"}
			}
		},
		{
			"from": [15.3, 6, 7.2],
			"to": [15.6, 6.1, 7.8],
			"rotation": {"angle": 0, "axis": "z", "origin": [7.9, 0, 8]},
			"faces": {
				"north": {"uv": [9.5, 7, 9.75, 7.25], "texture": "#0"},
				"east": {"uv": [7.5, 9.5, 7.75, 9.75], "texture": "#0"},
				"south": {"uv": [9.5, 7.5, 9.75, 7.75], "texture": "#0"},
				"west": {"uv": [8, 9.5, 8.25, 9.75], "texture": "#0"},
				"up": {"uv": [9.75, 8.25, 9.5, 8], "texture": "#0"},
				"down": {"uv": [8.75, 9.5, 8.5, 9.75], "texture": "#0"}
			}
		},
		{
			"from": [14.8, 6, 7.2],
			"to": [15.1, 6.1, 7.8],
			"rotation": {"angle": 0, "axis": "z", "origin": [7.9, 0, 8]},
			"faces": {
				"north": {"uv": [9.5, 8.5, 9.75, 8.75], "texture": "#0"},
				"east": {"uv": [9, 9.5, 9.25, 9.75], "texture": "#0"},
				"south": {"uv": [9.5, 9, 9.75, 9.25], "texture": "#0"},
				"west": {"uv": [9.5, 9.5, 9.75, 9.75], "texture": "#0"},
				"up": {"uv": [0.25, 10.25, 0, 10], "texture": "#0"},
				"down": {"uv": [10.25, 0, 10, 0.25], "texture": "#0"}
			}
		},
		{
			"from": [14.3, 6, 7.2],
			"to": [14.6, 6.1, 7.8],
			"rotation": {"angle": 0, "axis": "z", "origin": [7.9, 0, 8]},
			"faces": {
				"north": {"uv": [0.5, 10, 0.75, 10.25], "texture": "#0"},
				"east": {"uv": [10, 0.5, 10.25, 0.75], "texture": "#0"},
				"south": {"uv": [1, 10, 1.25, 10.25], "texture": "#0"},
				"west": {"uv": [10, 1, 10.25, 1.25], "texture": "#0"},
				"up": {"uv": [1.75, 10.25, 1.5, 10], "texture": "#0"},
				"down": {"uv": [10.25, 1.5, 10, 1.75], "texture": "#0"}
			}
		},
		{
			"from": [18.3, 6, 7.2],
			"to": [18.6, 6.1, 7.8],
			"rotation": {"angle": 0, "axis": "z", "origin": [7.9, 0, 8]},
			"faces": {
				"north": {"uv": [2, 10, 2.25, 10.25], "texture": "#0"},
				"east": {"uv": [10, 2, 10.25, 2.25], "texture": "#0"},
				"south": {"uv": [2.5, 10, 2.75, 10.25], "texture": "#0"},
				"west": {"uv": [10, 2.5, 10.25, 2.75], "texture": "#0"},
				"up": {"uv": [3.25, 10.25, 3, 10], "texture": "#0"},
				"down": {"uv": [10.25, 3, 10, 3.25], "texture": "#0"}
			}
		},
		{
			"from": [17.8, 6, 7.2],
			"to": [18.1, 6.1, 7.8],
			"rotation": {"angle": 0, "axis": "z", "origin": [7.9, 0, 8]},
			"faces": {
				"north": {"uv": [3.5, 10, 3.75, 10.25], "texture": "#0"},
				"east": {"uv": [10, 3.5, 10.25, 3.75], "texture": "#0"},
				"south": {"uv": [4, 10, 4.25, 10.25], "texture": "#0"},
				"west": {"uv": [10, 4, 10.25, 4.25], "texture": "#0"},
				"up": {"uv": [4.75, 10.25, 4.5, 10], "texture": "#0"},
				"down": {"uv": [10.25, 4.5, 10, 4.75], "texture": "#0"}
			}
		},
		{
			"from": [17.9, 4.5, 7.2],
			"to": [18.1, 4.6, 7.8],
			"rotation": {"angle": 0, "axis": "z", "origin": [7.9, 0, 8]},
			"faces": {
				"north": {"uv": [5, 10, 5.25, 10.25], "texture": "#0"},
				"east": {"uv": [10, 5, 10.25, 5.25], "texture": "#0"},
				"south": {"uv": [5.5, 10, 5.75, 10.25], "texture": "#0"},
				"west": {"uv": [10, 5.5, 10.25, 5.75], "texture": "#0"},
				"up": {"uv": [6.25, 10.25, 6, 10], "texture": "#0"},
				"down": {"uv": [10.25, 6, 10, 6.25], "texture": "#0"}
			}
		},
		{
			"from": [17.6, 4.5, 7.2],
			"to": [17.8, 4.6, 7.8],
			"rotation": {"angle": 0, "axis": "z", "origin": [7.9, 0, 8]},
			"faces": {
				"north": {"uv": [6.5, 10, 6.75, 10.25], "texture": "#0"},
				"east": {"uv": [10, 6.5, 10.25, 6.75], "texture": "#0"},
				"south": {"uv": [7, 10, 7.25, 10.25], "texture": "#0"},
				"west": {"uv": [10, 7, 10.25, 7.25], "texture": "#0"},
				"up": {"uv": [7.75, 10.25, 7.5, 10], "texture": "#0"},
				"down": {"uv": [10.25, 7.5, 10, 7.75], "texture": "#0"}
			}
		},
		{
			"from": [17.3, 4.5, 7.2],
			"to": [17.5, 4.6, 7.8],
			"rotation": {"angle": 0, "axis": "z", "origin": [7.9, 0, 8]},
			"faces": {
				"north": {"uv": [8, 10, 8.25, 10.25], "texture": "#0"},
				"east": {"uv": [10, 8, 10.25, 8.25], "texture": "#0"},
				"south": {"uv": [8.5, 10, 8.75, 10.25], "texture": "#0"},
				"west": {"uv": [10, 8.5, 10.25, 8.75], "texture": "#0"},
				"up": {"uv": [9.25, 10.25, 9, 10], "texture": "#0"},
				"down": {"uv": [10.25, 9, 10, 9.25], "texture": "#0"}
			}
		},
		{
			"from": [17, 4.5, 7.2],
			"to": [17.2, 4.6, 7.8],
			"rotation": {"angle": 0, "axis": "z", "origin": [7.9, 0, 8]},
			"faces": {
				"north": {"uv": [9.5, 10, 9.75, 10.25], "texture": "#0"},
				"east": {"uv": [10, 9.5, 10.25, 9.75], "texture": "#0"},
				"south": {"uv": [10, 10, 10.25, 10.25], "texture": "#0"},
				"west": {"uv": [0, 10.5, 0.25, 10.75], "texture": "#0"},
				"up": {"uv": [10.75, 0.25, 10.5, 0], "texture": "#0"},
				"down": {"uv": [0.75, 10.5, 0.5, 10.75], "texture": "#0"}
			}
		},
		{
			"from": [13.1, 4.5, 7.2],
			"to": [13.3, 4.6, 7.8],
			"rotation": {"angle": 0, "axis": "z", "origin": [7.9, 0, 8]},
			"faces": {
				"north": {"uv": [10.5, 0.5, 10.75, 0.75], "texture": "#0"},
				"east": {"uv": [1, 10.5, 1.25, 10.75], "texture": "#0"},
				"south": {"uv": [10.5, 1, 10.75, 1.25], "texture": "#0"},
				"west": {"uv": [1.5, 10.5, 1.75, 10.75], "texture": "#0"},
				"up": {"uv": [10.75, 1.75, 10.5, 1.5], "texture": "#0"},
				"down": {"uv": [2.25, 10.5, 2, 10.75], "texture": "#0"}
			}
		},
		{
			"from": [12.8, 4.5, 7.2],
			"to": [13, 4.6, 7.8],
			"rotation": {"angle": 0, "axis": "z", "origin": [7.9, 0, 8]},
			"faces": {
				"north": {"uv": [10.5, 2, 10.75, 2.25], "texture": "#0"},
				"east": {"uv": [2.5, 10.5, 2.75, 10.75], "texture": "#0"},
				"south": {"uv": [10.5, 2.5, 10.75, 2.75], "texture": "#0"},
				"west": {"uv": [3, 10.5, 3.25, 10.75], "texture": "#0"},
				"up": {"uv": [10.75, 3.25, 10.5, 3], "texture": "#0"},
				"down": {"uv": [3.75, 10.5, 3.5, 10.75], "texture": "#0"}
			}
		},
		{
			"from": [12.5, 4.5, 7.2],
			"to": [12.7, 4.6, 7.8],
			"rotation": {"angle": 0, "axis": "z", "origin": [7.9, 0, 8]},
			"faces": {
				"north": {"uv": [10.5, 3.5, 10.75, 3.75], "texture": "#0"},
				"east": {"uv": [4, 10.5, 4.25, 10.75], "texture": "#0"},
				"south": {"uv": [10.5, 4, 10.75, 4.25], "texture": "#0"},
				"west": {"uv": [4.5, 10.5, 4.75, 10.75], "texture": "#0"},
				"up": {"uv": [10.75, 4.75, 10.5, 4.5], "texture": "#0"},
				"down": {"uv": [5.25, 10.5, 5, 10.75], "texture": "#0"}
			}
		},
		{
			"from": [12.2, 4.5, 7.2],
			"to": [12.4, 4.6, 7.8],
			"rotation": {"angle": 0, "axis": "z", "origin": [7.9, 0, 8]},
			"faces": {
				"north": {"uv": [10.5, 5, 10.75, 5.25], "texture": "#0"},
				"east": {"uv": [5.5, 10.5, 5.75, 10.75], "texture": "#0"},
				"south": {"uv": [10.5, 5.5, 10.75, 5.75], "texture": "#0"},
				"west": {"uv": [6, 10.5, 6.25, 10.75], "texture": "#0"},
				"up": {"uv": [10.75, 6.25, 10.5, 6], "texture": "#0"},
				"down": {"uv": [6.75, 10.5, 6.5, 10.75], "texture": "#0"}
			}
		},
		{
			"from": [17.3, 6, 7.2],
			"to": [17.6, 6.1, 7.8],
			"rotation": {"angle": 0, "axis": "z", "origin": [7.9, 0, 8]},
			"faces": {
				"north": {"uv": [10.5, 6.5, 10.75, 6.75], "texture": "#0"},
				"east": {"uv": [7, 10.5, 7.25, 10.75], "texture": "#0"},
				"south": {"uv": [10.5, 7, 10.75, 7.25], "texture": "#0"},
				"west": {"uv": [7.5, 10.5, 7.75, 10.75], "texture": "#0"},
				"up": {"uv": [10.75, 7.75, 10.5, 7.5], "texture": "#0"},
				"down": {"uv": [8.25, 10.5, 8, 10.75], "texture": "#0"}
			}
		},
		{
			"from": [16.8, 6, 7.2],
			"to": [17.1, 6.1, 7.8],
			"rotation": {"angle": 0, "axis": "z", "origin": [7.9, 0, 8]},
			"faces": {
				"north": {"uv": [10.5, 8, 10.75, 8.25], "texture": "#0"},
				"east": {"uv": [8.5, 10.5, 8.75, 10.75], "texture": "#0"},
				"south": {"uv": [10.5, 8.5, 10.75, 8.75], "texture": "#0"},
				"west": {"uv": [9, 10.5, 9.25, 10.75], "texture": "#0"},
				"up": {"uv": [10.75, 9.25, 10.5, 9], "texture": "#0"},
				"down": {"uv": [9.75, 10.5, 9.5, 10.75], "texture": "#0"}
			}
		},
		{
			"from": [18.8, 5, 7.2],
			"to": [21.8, 5.6, 7.8],
			"rotation": {"angle": 0, "axis": "z", "origin": [7.9, 0, 8]},
			"faces": {
				"north": {"uv": [7.5, 7, 9, 7.25], "texture": "#0"},
				"east": {"uv": [10.5, 9.5, 10.75, 9.75], "texture": "#0"},
				"south": {"uv": [7.5, 7.5, 9, 7.75], "texture": "#0"},
				"west": {"uv": [10, 10.5, 10.25, 10.75], "texture": "#0"},
				"up": {"uv": [9.5, 1.75, 8, 1.5], "texture": "#0"},
				"down": {"uv": [3.5, 8, 2, 8.25], "texture": "#0"}
			}
		},
		{
			"from": [20.4, 5.6, 7.4],
			"to": [20.7, 6.8, 7.6],
			"rotation": {"angle": 0, "axis": "z", "origin": [7.9, 0, 8]},
			"faces": {
				"north": {"uv": [3, 8.5, 3.25, 9], "texture": "#0"},
				"east": {"uv": [8.5, 3, 8.75, 3.5], "texture": "#0"},
				"south": {"uv": [8.5, 3.5, 8.75, 4], "texture": "#0"},
				"west": {"uv": [8.5, 4, 8.75, 4.5], "texture": "#0"},
				"up": {"uv": [10.75, 10.25, 10.5, 10], "texture": "#0"},
				"down": {"uv": [10.75, 10.5, 10.5, 10.75], "texture": "#0"}
			}
		},
		{
			"from": [11.8, 11.6, 7.4],
			"to": [12.1, 13.9, 7.6],
			"rotation": {"angle": -45, "axis": "z", "origin": [7.9, 0, 8]},
			"faces": {
				"north": {"uv": [3.5, 8, 3.75, 9.25], "texture": "#0"},
				"east": {"uv": [4, 8, 4.25, 9.25], "texture": "#0"},
				"south": {"uv": [8, 4, 8.25, 5.25], "texture": "#0"},
				"west": {"uv": [4.5, 8, 4.75, 9.25], "texture": "#0"},
				"up": {"uv": [0.25, 11.25, 0, 11], "texture": "#0"},
				"down": {"uv": [11.25, 0, 11, 0.25], "texture": "#0"}
			}
		},
		{
			"from": [14.9, 2.6, 7.1],
			"to": [15.7, 5, 7.9],
			"rotation": {"angle": 0, "axis": "z", "origin": [7.9, 0, 8]},
			"faces": {
				"north": {"uv": [7, 0, 7.5, 1.25], "texture": "#0"},
				"east": {"uv": [0.5, 7, 1, 8.25], "texture": "#0"},
				"south": {"uv": [1, 7, 1.5, 8.25], "texture": "#0"},
				"west": {"uv": [1.5, 7, 2, 8.25], "texture": "#0"},
				"up": {"uv": [9, 1, 8.5, 0.5], "texture": "#0"},
				"down": {"uv": [1.5, 8.5, 1, 9], "texture": "#0"}
			}
		},
		{
			"from": [11.2, 4.5, 7.1],
			"to": [11.8, 6.1, 7.9],
			"rotation": {"angle": 0, "axis": "z", "origin": [8, 0, 8]},
			"faces": {
				"north": {"uv": [1.5, 8.5, 1.75, 9.25], "texture": "#0"},
				"east": {"uv": [8, 2, 8.5, 2.75], "texture": "#0"},
				"south": {"uv": [2, 8.5, 2.25, 9.25], "texture": "#0"},
				"west": {"uv": [8, 3, 8.5, 3.75], "texture": "#0"},
				"up": {"uv": [8.75, 5, 8.5, 4.5], "texture": "#0"},
				"down": {"uv": [5.25, 8.5, 5, 9], "texture": "#0"}
			}
		},
		{
			"from": [10, 0.8, 7],
			"to": [12, 4, 8],
			"rotation": {"angle": 22.5, "axis": "z", "origin": [8, 0, 8]},
			"faces": {
				"north": {"uv": [4.5, 4.5, 5.5, 6], "texture": "#0"},
				"east": {"uv": [3.5, 6.5, 4, 8], "texture": "#0"},
				"south": {"uv": [1, 5, 2, 6.5], "texture": "#0"},
				"west": {"uv": [6, 6.5, 6.5, 8], "texture": "#0"},
				"up": {"uv": [8.5, 0.5, 7.5, 0], "texture": "#0"},
				"down": {"uv": [8.5, 0.5, 7.5, 1], "texture": "#0"}
			}
		},
		{
			"from": [10.2, -3, 7.1],
			"to": [12.1, 0, 7.9],
			"rotation": {"angle": 45, "axis": "z", "origin": [8, 0, 8]},
			"faces": {
				"north": {"uv": [2, 5, 3, 6.5], "texture": "#0"},
				"east": {"uv": [6.5, 6.5, 7, 8], "texture": "#0"},
				"south": {"uv": [3, 5, 4, 6.5], "texture": "#0"},
				"west": {"uv": [0, 7, 0.5, 8.5], "texture": "#0"},
				"up": {"uv": [8.5, 1.5, 7.5, 1], "texture": "#0"},
				"down": {"uv": [5, 7.5, 4, 8], "texture": "#0"}
			}
		},
		{
			"from": [5.5, 3, 7.1],
			"to": [9.5, 3.4, 7.9],
			"rotation": {"angle": 0, "axis": "z", "origin": [8, 0, 8]},
			"faces": {
				"north": {"uv": [7.5, 6, 9.5, 6.25], "texture": "#0"},
				"east": {"uv": [8.5, 5, 9, 5.25], "texture": "#0"},
				"south": {"uv": [7.5, 6.5, 9.5, 6.75], "texture": "#0"},
				"west": {"uv": [5.5, 8.5, 6, 8.75], "texture": "#0"},
				"up": {"uv": [8, 5.5, 6, 5], "texture": "#0"},
				"down": {"uv": [8, 5.5, 6, 6], "texture": "#0"}
			}
		},
		{
			"from": [8.7, 3.7, 7.3],
			"to": [8.9, 4.7, 7.7],
			"rotation": {"angle": 22.5, "axis": "z", "origin": [8, 0, 8]},
			"faces": {
				"north": {"uv": [8.5, 5.5, 8.75, 6], "texture": "#0"},
				"east": {"uv": [6, 8.5, 6.25, 9], "texture": "#0"},
				"south": {"uv": [6.5, 8.5, 6.75, 9], "texture": "#0"},
				"west": {"uv": [7, 8.5, 7.25, 9], "texture": "#0"},
				"up": {"uv": [0.75, 11.25, 0.5, 11], "texture": "#0"},
				"down": {"uv": [11.25, 0.5, 11, 0.75], "texture": "#0"}
			}
		}
	],
	"display": {
		"thirdperson_righthand": {
			"rotation": [0, 90, 0],
			"translation": [0, 4.25, -1.5]
		},
		"thirdperson_lefthand": {
			"rotation": [0, -90, 0],
			"translation": [0, 4.25, -1.5]
		},
		"firstperson_righthand": {
			"rotation": [0, 90, 0],
			"translation": [-4.25, 8, 3.75]
		},
		"firstperson_lefthand": {
			"rotation": [0, -90, 0],
			"translation": [-4.25, 8, 3.75]
		},
		"ground": {
			"translation": [0, 4.5, 0]
		},
		"gui": {
			"rotation": [0, -180, 0],
			"translation": [2, 3.75, 0]
		},
		"fixed": {
			"translation": [-2, 3.5, -1.75]
		}
	},
	"groups": [
		{
			"name": "group",
			"origin": [8, 8, 8],
			"color": 0,
			"children": [0, 1, 2, 3, 4, 5, 6, 7, 8, 9, 10, 11, 12, 13, 14, 15, 16, 17, 18, 19, 20, 21, 22, 23, 24, 25, 26, 27, 28, 29, 30, 31, 32, 33, 34, 35, 36, 37, 38, 39, 40, 41]
		}
	]
}