{
	"credit": "Made with Blockbench",
	"texture_size": [32, 32],
	"textures": {
		"0": "custom/item/medkit",
		"particle": "custom/item/medkit"
	},
	"elements": [
		{
			"from": [4, 0, 6],
			"to": [12, 6, 8],
			"faces": {
				"north": {"uv": [0, 0, 4, 3], "texture": "#0"},
				"east": {"uv": [4, 2, 5, 5], "texture": "#0"},
				"south": {"uv": [0, 3, 4, 6], "texture": "#0"},
				"west": {"uv": [5, 2, 6, 5], "texture": "#0"},
				"up": {"uv": [8, 1, 4, 0], "texture": "#0"},
				"down": {"uv": [8, 1, 4, 2], "texture": "#0"}
			}
		},
		{
			"from": [9.4, 6, 6.7],
			"to": [10, 6.4, 7.3],
			"faces": {
				"north": {"uv": [3.5, 7, 3.75, 7.25], "texture": "#0"},
				"east": {"uv": [6, 7, 6.25, 7.25], "texture": "#0"},
				"south": {"uv": [6.5, 7, 6.75, 7.25], "texture": "#0"},
				"west": {"uv": [7, 6.5, 7.25, 6.75], "texture": "#0"},
				"up": {"uv": [7.25, 7.25, 7, 7], "texture": "#0"},
				"down": {"uv": [0.25, 7.5, 0, 7.75], "texture": "#0"}
			}
		},
		{
			"from": [5.8, 6, 6.7],
			"to": [6.4, 6.4, 7.3],
			"faces": {
				"north": {"uv": [0.5, 7.5, 0.75, 7.75], "texture": "#0"},
				"east": {"uv": [1, 7.5, 1.25, 7.75], "texture": "#0"},
				"south": {"uv": [1.5, 7.5, 1.75, 7.75], "texture": "#0"},
				"west": {"uv": [7.5, 2, 7.75, 2.25], "texture": "#0"},
				"up": {"uv": [7.75, 2.75, 7.5, 2.5], "texture": "#0"},
				"down": {"uv": [3.75, 7.5, 3.5, 7.75], "texture": "#0"}
			}
		},
		{
			"from": [5.8, 6.4, 6.7],
			"to": [10, 6.8, 7.3],
			"faces": {
				"north": {"uv": [6, 5.5, 8, 5.75], "texture": "#0"},
				"east": {"uv": [4, 7.5, 4.25, 7.75], "texture": "#0"},
				"south": {"uv": [6, 6, 8, 6.25], "texture": "#0"},
				"west": {"uv": [7.5, 4, 7.75, 4.25], "texture": "#0"},
				"up": {"uv": [8.5, 3.25, 6.5, 3], "texture": "#0"},
				"down": {"uv": [8.5, 3.5, 6.5, 3.75], "texture": "#0"}
			}
		},
		{
			"from": [7.3, 0.6, 5.8],
			"to": [8.5, 5.4, 6],
			"faces": {
				"north": {"uv": [4, 5, 4.75, 7.5], "texture": "#0"},
				"east": {"uv": [3, 6, 3.25, 8.5], "texture": "#0"},
				"south": {"uv": [5, 5, 5.75, 7.5], "texture": "#0"},
				"west": {"uv": [6, 3, 6.25, 5.5], "texture": "#0"},
				"up": {"uv": [0.75, 7.25, 0, 7], "texture": "#0"},
				"down": {"uv": [1.75, 7, 1, 7.25], "texture": "#0"}
			}
		},
		{
			"from": [5.6, 2.5, 5.7],
			"to": [10.3, 3.7, 6],
			"faces": {
				"north": {"uv": [0, 6, 1, 6.75], "texture": "#0"},
				"east": {"uv": [3.5, 6, 3.75, 6.75], "texture": "#0"},
				"south": {"uv": [1, 6, 2, 6.75], "texture": "#0"},
				"west": {"uv": [2, 7, 2.25, 7.75], "texture": "#0"},
				"up": {"uv": [7.5, 4.25, 6.5, 4], "texture": "#0"},
				"down": {"uv": [7.5, 4.5, 6.5, 4.75], "texture": "#0"}
			}
		}
	],
	"display": {
		"thirdperson_righthand": {
			"rotation": [90, -90, 0],
			"translation": [-1.5, -1.5, 1.25]
		},
		"thirdperson_lefthand": {
			"rotation": [90, -90, 0],
			"translation": [-1.5, -1.5, 1.25]
		},
		"firstperson_righthand": {
			"rotation": [0, 154, 0],
			"translation": [-3.25, 8, 1.25]
		},
		"firstperson_lefthand": {
			"rotation": [0, 154, 0],
			"translation": [-3.25, 8, 1.25]
		},
		"ground": {
			"translation": [0, 4.25, 0]
		},
		"gui": {
			"rotation": [21, -180, 0],
			"translation": [0, 7.75, 0],
			"scale": [1.6, 1.6, 1.6]
		},
		"fixed": {
			"translation": [-0.25, 9.25, 0],
			"scale": [2, 2, 2]
		}
	},
	"groups": [
		{
			"name": "group",
			"origin": [8, 8, 8],
			"color": 0,
			"children": [0, 1, 2, 3, 4, 5]
		}
	]
}