{
	"credit": "Made with Blockbench",
	"textures": {
		"0": "custom/item/gun/mp5",
		"particle": "custom/item/gun/mp5"
	},
	"elements": [
		{
			"from": [8.8, -0.5, 7.5],
			"to": [9.5, 2.7, 7.8],
			"rotation": {"angle": 22.5, "axis": "z", "origin": [7, 0.7, 7]},
			"faces": {
				"north": {"uv": [6, 6, 6.5, 9], "texture": "#0"},
				"east": {"uv": [0, 7, 0.5, 10], "texture": "#0"},
				"south": {"uv": [1, 7, 1.5, 10], "texture": "#0"},
				"west": {"uv": [2, 7, 2.5, 10], "texture": "#0"},
				"up": {"uv": [11.5, 10.5, 11, 10], "texture": "#0"},
				"down": {"uv": [11.5, 11, 11, 11.5], "texture": "#0"}
			}
		},
		{
			"from": [4.4, 0.2, 7.3],
			"to": [5.8, 3.4, 8],
			"rotation": {"angle": -22.5, "axis": "z", "origin": [7, 0.7, 7]},
			"faces": {
				"north": {"uv": [0, 4, 1.5, 7], "texture": "#0"},
				"east": {"uv": [3, 7, 3.5, 10], "texture": "#0"},
				"south": {"uv": [2, 4, 3.5, 7], "texture": "#0"},
				"west": {"uv": [7, 6, 7.5, 9], "texture": "#0"},
				"up": {"uv": [1.5, 11.5, 0, 11], "texture": "#0"},
				"down": {"uv": [3.5, 11, 2, 11.5], "texture": "#0"}
			}
		},
		{
			"from": [5.7, 2.7, 7.4],
			"to": [8.7, 3.7, 7.9],
			"rotation": {"angle": 0, "axis": "z", "origin": [7, 0.7, 7]},
			"faces": {
				"north": {"uv": [6, 2, 9, 3], "texture": "#0"},
				"east": {"uv": [8, 11, 8.5, 12], "texture": "#0"},
				"south": {"uv": [6, 3, 9, 4], "texture": "#0"},
				"west": {"uv": [11, 8, 11.5, 9], "texture": "#0"},
				"up": {"uv": [11, 6.5, 8, 6], "texture": "#0"},
				"down": {"uv": [11, 7, 8, 7.5], "texture": "#0"}
			}
		},
		{
			"from": [9.8, 3.6, 7.5],
			"to": [12.6, 3.8, 7.8],
			"rotation": {"angle": 0, "axis": "z", "origin": [7, 0.7, 7]},
			"faces": {
				"north": {"uv": [8, 8, 11, 8.5], "texture": "#0"},
				"east": {"uv": [0, 12, 0.5, 12.5], "texture": "#0"},
				"south": {"uv": [9, 2, 12, 2.5], "texture": "#0"},
				"west": {"uv": [1, 12, 1.5, 12.5], "texture": "#0"},
				"up": {"uv": [12, 3.5, 9, 3], "texture": "#0"},
				"down": {"uv": [7, 9, 4, 9.5], "texture": "#0"}
			}
		},
		{
			"from": [4.1, 3.7, 7.2],
			"to": [9.8, 4.6, 8.1],
			"rotation": {"angle": 0, "axis": "z", "origin": [7, 0.7, 7]},
			"faces": {
				"north": {"uv": [0, 0, 5.5, 1], "texture": "#0"},
				"east": {"uv": [4, 8, 5, 9], "texture": "#0"},
				"south": {"uv": [0, 1, 5.5, 2], "texture": "#0"},
				"west": {"uv": [5, 8, 6, 9], "texture": "#0"},
				"up": {"uv": [5.5, 3, 0, 2], "texture": "#0"},
				"down": {"uv": [5.5, 3, 0, 4], "texture": "#0"}
			}
		},
		{
			"from": [3.3, 2.6, 7.3],
			"to": [4.1, 4.6, 8],
			"rotation": {"angle": 0, "axis": "z", "origin": [7, 0.7, 7]},
			"faces": {
				"north": {"uv": [4, 6, 5, 8], "texture": "#0"},
				"east": {"uv": [9, 10, 9.5, 12], "texture": "#0"},
				"south": {"uv": [5, 6, 6, 8], "texture": "#0"},
				"west": {"uv": [10, 9, 10.5, 11], "texture": "#0"},
				"up": {"uv": [12, 9.5, 11, 9], "texture": "#0"},
				"down": {"uv": [11, 11, 10, 11.5], "texture": "#0"}
			}
		},
		{
			"from": [12.6, 3.9, 7.4],
			"to": [14.1, 4.4, 7.9],
			"rotation": {"angle": 0, "axis": "z", "origin": [7, 0.7, 7]},
			"faces": {
				"north": {"uv": [4, 11, 5.5, 11.5], "texture": "#0"},
				"east": {"uv": [2, 12, 2.5, 12.5], "texture": "#0"},
				"south": {"uv": [6, 11, 7.5, 11.5], "texture": "#0"},
				"west": {"uv": [12, 2, 12.5, 2.5], "texture": "#0"},
				"up": {"uv": [12.5, 6.5, 11, 6], "texture": "#0"},
				"down": {"uv": [12.5, 7, 11, 7.5], "texture": "#0"}
			}
		},
		{
			"from": [9.8, 3.3, 4.6],
			"to": [12.6, 4, 5.3],
			"rotation": {"angle": 45, "axis": "x", "origin": [7, 0.7, 7]},
			"faces": {
				"north": {"uv": [7, 9, 10, 9.5], "texture": "#0"},
				"east": {"uv": [3, 12, 3.5, 12.5], "texture": "#0"},
				"south": {"uv": [0, 10, 3, 10.5], "texture": "#0"},
				"west": {"uv": [12, 3, 12.5, 3.5], "texture": "#0"},
				"up": {"uv": [6, 10.5, 3, 10], "texture": "#0"},
				"down": {"uv": [9, 10, 6, 10.5], "texture": "#0"}
			}
		},
		{
			"from": [4.1, 4.6, 7.6],
			"to": [12.6, 5, 7.7],
			"rotation": {"angle": 0, "axis": "z", "origin": [7, 0.7, 7]},
			"faces": {
				"north": {"uv": [4, 4, 12.5, 4.5], "texture": "#0"},
				"east": {"uv": [4, 12, 4.5, 12.5], "texture": "#0"},
				"south": {"uv": [4, 5, 12.5, 5.5], "texture": "#0"},
				"west": {"uv": [5, 12, 5.5, 12.5], "texture": "#0"},
				"up": {"uv": [14.5, 0.5, 6, 0], "texture": "#0"},
				"down": {"uv": [14.5, 1, 6, 1.5], "texture": "#0"}
			}
		},
		{
			"from": [12.6, 4.9, 7.5],
			"to": [12.6, 5.2, 7.8],
			"rotation": {"angle": 0, "axis": "y", "origin": [7, 0.7, 7]},
			"faces": {
				"north": {"uv": [0, 0, 0, 0.5], "texture": "#0"},
				"east": {"uv": [6, 12, 6.5, 12.5], "texture": "#0"},
				"south": {"uv": [0, 0, 0, 0.5], "texture": "#0"},
				"west": {"uv": [7, 12, 7.5, 12.5], "texture": "#0"},
				"up": {"uv": [0, 0.5, 0, 0], "texture": "#0"},
				"down": {"uv": [0, 0, 0, 0.5], "texture": "#0"}
			}
		},
		{
			"from": [12.6, 4.3, 4],
			"to": [12.6, 4.6, 4.3],
			"rotation": {"angle": 45, "axis": "x", "origin": [7, 0.7, 7]},
			"faces": {
				"north": {"uv": [0, 0, 0, 0.5], "texture": "#0"},
				"east": {"uv": [8, 12, 8.5, 12.5], "texture": "#0"},
				"south": {"uv": [0, 0, 0, 0.5], "texture": "#0"},
				"west": {"uv": [12, 8, 12.5, 8.5], "texture": "#0"},
				"up": {"uv": [0, 0.5, 0, 0], "texture": "#0"},
				"down": {"uv": [0, 0, 0, 0.5], "texture": "#0"}
			}
		}
	],
	"display": {
		"thirdperson_righthand": {
			"rotation": [0, 90, 0],
			"translation": [0, 8, -2],
			"scale": [1.4, 1.4, 1.4]
		},
		"thirdperson_lefthand": {
			"rotation": [0, -90, 0],
			"translation": [0, 8, -2],
			"scale": [1.4, 1.4, 1.4]
		},
		"firstperson_righthand": {
			"rotation": [0, 85, 0],
			"translation": [-5.75, 10.5, 6]
		},
		"firstperson_lefthand": {
			"rotation": [0, -85, 0],
			"translation": [-5.75, 10.5, 6]
		},
		"ground": {
			"translation": [0, 7, 0],
			"scale": [1.4, 1.4, 1.4]
		},
		"gui": {
			"rotation": [0, -180, 0],
			"translation": [1.25, 7.75, 0],
			"scale": [1.7, 1.7, 1.7]
		},
		"fixed": {
			"rotation": [0, 0, 19],
			"translation": [-3.5, 9.25, 0],
			"scale": [2, 2, 2]
		}
	},
	"groups": [
		{
			"name": "mp5",
			"origin": [8, 8, 8],
			"color": 0,
			"children": [0, 1, 2, 3, 4, 5, 6, 7, 8, 9, 10]
		}
	]
}