{
	"credit": "Made with Blockbench",
	"textures": {
		"0": "custom/item/painkiller",
		"particle": "custom/item/painkiller"
	},
	"elements": [
		{
			"from": [7, 0, 7],
			"to": [9, 4, 9],
			"faces": {
				"north": {"uv": [3, 0, 5, 4], "texture": "#0"},
				"east": {"uv": [3, 4, 5, 8], "texture": "#0"},
				"south": {"uv": [5, 0, 7, 4], "texture": "#0"},
				"west": {"uv": [5, 4, 7, 8], "texture": "#0"},
				"up": {"uv": [2, 8, 0, 6], "texture": "#0"},
				"down": {"uv": [9, 0, 7, 2], "texture": "#0"}
			}
		},
		{
			"from": [7.2, 1.6, 6.9],
			"to": [8.8, 3.5, 7],
			"faces": {
				"north": {"uv": [7, 2, 9, 4], "texture": "#0"},
				"east": {"uv": [2, 6, 3, 8], "texture": "#0"},
				"south": {"uv": [7, 4, 9, 6], "texture": "#0"},
				"west": {"uv": [6, 8, 7, 10], "texture": "#0"},
				"up": {"uv": [9, 9, 7, 8], "texture": "#0"},
				"down": {"uv": [2, 9, 0, 10], "texture": "#0"}
			}
		},
		{
			"from": [6.7, 4, 6.6],
			"to": [9.3, 5, 9.4],
			"faces": {
				"north": {"uv": [7, 6, 10, 7], "texture": "#0"},
				"east": {"uv": [7, 7, 10, 8], "texture": "#0"},
				"south": {"uv": [0, 8, 3, 9], "texture": "#0"},
				"west": {"uv": [3, 8, 6, 9], "texture": "#0"},
				"up": {"uv": [3, 3, 0, 0], "texture": "#0"},
				"down": {"uv": [3, 3, 0, 6], "texture": "#0"}
			}
		}
	],
	"display": {
		"thirdperson_righthand": {
			"rotation": [0, 90, 0],
			"translation": [0, 4.75, 0]
		},
		"thirdperson_lefthand": {
			"rotation": [0, 90, 0],
			"translation": [0, 4.75, 0]
		},
		"firstperson_righthand": {
			"rotation": [0, 90, 0],
			"translation": [-2.5, 9, 4]
		},
		"firstperson_lefthand": {
			"rotation": [0, 90, 0],
			"translation": [-2.5, 9, 4]
		},
		"ground": {
			"translation": [0, 4.25, 0]
		},
		"gui": {
			"rotation": [19, -154, 0],
			"translation": [0, 10.5, 0],
			"scale": [2, 2, 2]
		},
		"fixed": {
			"translation": [0, 10.5, 0],
			"scale": [2, 2, 2]
		}
	},
	"groups": [
		{
			"name": "group",
			"origin": [8, 8, 8],
			"color": 0,
			"children": [0, 1, 2]
		}
	]
}