{
	"credit": "Made with Blockbench",
	"textures": {
		"0": "custom/item/pistolmag",
		"particle": "custom/item/pistolmag"
	},
	"elements": [
		{
			"from": [7.2, 0, 7],
			"to": [8.7, 0.2, 7.9],
			"rotation": {"angle": 0, "axis": "y", "origin": [7, 0, 7]},
			"faces": {
				"north": {"uv": [6, 1, 7.5, 1.5], "texture": "#0"},
				"east": {"uv": [6, 4, 7, 4.5], "texture": "#0"},
				"south": {"uv": [6, 2, 7.5, 2.5], "texture": "#0"},
				"west": {"uv": [6, 5, 7, 5.5], "texture": "#0"},
				"up": {"uv": [5.5, 6, 4, 5], "texture": "#0"},
				"down": {"uv": [7.5, 0, 6, 1], "texture": "#0"}
			}
		},
		{
			"from": [7.3, 0.1, 7.1],
			"to": [8.6, 4.6, 7.8],
			"rotation": {"angle": 0, "axis": "y", "origin": [7, 0, 7]},
			"faces": {
				"north": {"uv": [0, 0, 1.5, 4.5], "texture": "#0"},
				"east": {"uv": [4, 0, 4.5, 4.5], "texture": "#0"},
				"south": {"uv": [2, 0, 3.5, 4.5], "texture": "#0"},
				"west": {"uv": [0, 5, 0.5, 9.5], "texture": "#0"},
				"up": {"uv": [7.5, 3.5, 6, 3], "texture": "#0"},
				"down": {"uv": [5.5, 6, 4, 6.5], "texture": "#0"}
			}
		},
		{
			"from": [7.6, 0.3, 6.9],
			"to": [8.3, 4.6, 7.1],
			"rotation": {"angle": 0, "axis": "y", "origin": [7, 0, 7]},
			"faces": {
				"north": {"uv": [5, 0, 5.5, 4.5], "texture": "#0"},
				"east": {"uv": [1, 5, 1.5, 9.5], "texture": "#0"},
				"south": {"uv": [2, 5, 2.5, 9.5], "texture": "#0"},
				"west": {"uv": [3, 5, 3.5, 9.5], "texture": "#0"},
				"up": {"uv": [6.5, 6.5, 6, 6], "texture": "#0"},
				"down": {"uv": [4.5, 7, 4, 7.5], "texture": "#0"}
			}
		}
	],
	"display": {
		"thirdperson_righthand": {
			"rotation": [0, 90, 0],
			"translation": [0, 9.5, 0],
			"scale": [2, 1.5, 1]
		},
		"thirdperson_lefthand": {
			"rotation": [0, -90, 0],
			"translation": [0, 9.5, 0],
			"scale": [2, 1.5, 1]
		},
		"firstperson_righthand": {
			"rotation": [0, 90, 0],
			"translation": [-5.25, 14, 7],
			"scale": [2, 1.5, 1]
		},
		"firstperson_lefthand": {
			"rotation": [0, -90, 0],
			"translation": [-5.25, 14, 7],
			"scale": [2, 1.5, 1]
		},
		"ground": {
			"translation": [0, 8.25, 0],
			"scale": [2, 1.5, 1]
		},
		"gui": {
			"rotation": [0, -35, 0],
			"translation": [-0.25, 16.75, 0],
			"scale": [4, 2.97, 2]
		},
		"fixed": {
			"translation": [0, 19.75, 0],
			"scale": [4, 3.5, 2]
		}
	},
	"groups": [
		{
			"name": "group",
			"origin": [8, 8, 8],
			"color": 0,
			"children": [0, 1, 2]
		}
	]
}