{
	"credit": "Made with Blockbench",
	"texture_size": [32, 32],
	"textures": {
		"0": "custom/item/riotshield",
		"particle": "custom/item/riotshield"
	},
	"elements": [
		{
			"from": [2, 0, 7],
			"to": [14, 13, 8],
			"faces": {
				"north": {"uv": [0, 0, 6, 6.5], "texture": "#0"},
				"east": {"uv": [0, 9, 0.5, 15.5], "texture": "#0"},
				"south": {"uv": [0, 0, 6, 6.5], "texture": "#0"},
				"west": {"uv": [0.5, 9, 1, 15.5], "texture": "#0"},
				"up": {"uv": [7, 9.5, 1, 9], "texture": "#0"},
				"down": {"uv": [13, 9, 7, 9.5], "texture": "#0"}
			}
		},
		{
			"from": [2, 15, 7],
			"to": [14, 20, 8],
			"faces": {
				"north": {"uv": [0, 6.5, 6, 9], "texture": "#0"},
				"east": {"uv": [10.5, 11, 11, 13.5], "texture": "#0"},
				"south": {"uv": [0, 6.5, 6, 9], "texture": "#0"},
				"west": {"uv": [11, 11, 11.5, 13.5], "texture": "#0"},
				"up": {"uv": [7, 10, 1, 9.5], "texture": "#0"},
				"down": {"uv": [13, 9.5, 7, 10], "texture": "#0"}
			}
		},
		{
			"from": [11, 13, 7],
			"to": [14, 15, 8],
			"faces": {
				"north": {"uv": [7, 10, 8.5, 11], "texture": "#0"},
				"east": {"uv": [5, 12, 5.5, 13], "texture": "#0"},
				"south": {"uv": [8.5, 10, 10, 11], "texture": "#0"},
				"west": {"uv": [5.5, 12, 6, 13], "texture": "#0"},
				"up": {"uv": [4.5, 12.5, 3, 12], "texture": "#0"},
				"down": {"uv": [13.5, 3, 12, 3.5], "texture": "#0"}
			}
		},
		{
			"from": [2, 13, 7],
			"to": [5, 15, 8],
			"faces": {
				"north": {"uv": [10, 10, 11.5, 11], "texture": "#0"},
				"east": {"uv": [6, 12, 6.5, 13], "texture": "#0"},
				"south": {"uv": [7, 11, 8.5, 12], "texture": "#0"},
				"west": {"uv": [12, 6, 12.5, 7], "texture": "#0"},
				"up": {"uv": [13.5, 4, 12, 3.5], "texture": "#0"},
				"down": {"uv": [13.5, 4, 12, 4.5], "texture": "#0"}
			}
		},
		{
			"from": [7, 11, 8],
			"to": [9, 12, 13],
			"faces": {
				"north": {"uv": [6.5, 12, 7.5, 12.5], "texture": "#0"},
				"east": {"uv": [11.5, 10, 14, 10.5], "texture": "#0"},
				"south": {"uv": [12, 7, 13, 7.5], "texture": "#0"},
				"west": {"uv": [11.5, 10.5, 14, 11], "texture": "#0"},
				"up": {"uv": [2, 12.5, 1, 10], "texture": "#0"},
				"down": {"uv": [3, 10, 2, 12.5], "texture": "#0"}
			}
		},
		{
			"from": [7, 7, 12],
			"to": [9, 11, 13],
			"faces": {
				"north": {"uv": [3, 10, 4, 12], "texture": "#0"},
				"east": {"uv": [11.5, 11, 12, 13], "texture": "#0"},
				"south": {"uv": [4, 10, 5, 12], "texture": "#0"},
				"west": {"uv": [12, 0, 12.5, 2], "texture": "#0"},
				"up": {"uv": [8.5, 12.5, 7.5, 12], "texture": "#0"},
				"down": {"uv": [13, 7.5, 12, 8], "texture": "#0"}
			}
		},
		{
			"from": [7, 8, 8],
			"to": [9, 11, 9],
			"faces": {
				"north": {"uv": [8.5, 11, 9.5, 12.5], "texture": "#0"},
				"east": {"uv": [4.5, 12, 5, 13.5], "texture": "#0"},
				"south": {"uv": [9.5, 11, 10.5, 12.5], "texture": "#0"},
				"west": {"uv": [12, 4.5, 12.5, 6], "texture": "#0"},
				"up": {"uv": [13, 8.5, 12, 8], "texture": "#0"},
				"down": {"uv": [13, 8.5, 12, 9], "texture": "#0"}
			}
		},
		{
			"from": [7, 7, 8],
			"to": [9, 8, 12],
			"faces": {
				"north": {"uv": [12, 11, 13, 11.5], "texture": "#0"},
				"east": {"uv": [12, 2, 14, 2.5], "texture": "#0"},
				"south": {"uv": [12, 11.5, 13, 12], "texture": "#0"},
				"west": {"uv": [12, 2.5, 14, 3], "texture": "#0"},
				"up": {"uv": [6, 12, 5, 10], "texture": "#0"},
				"down": {"uv": [7, 10, 6, 12], "texture": "#0"}
			}
		}
	],
	"display": {
		"thirdperson_righthand": {
			"rotation": [39.5, -20, 0],
			"translation": [1.25, -0.25, -3.5],
			"scale": [1.3, 1.3, 1.3]
		},
		"thirdperson_lefthand": {
			"rotation": [60, -90, 0],
			"translation": [4.25, -3.25, -0.75],
			"scale": [1.3, 1.3, 1.3]
		},
		"firstperson_righthand": {
			"rotation": [0, 0, 6],
			"translation": [-3, -1, 5.5]
		},
		"firstperson_lefthand": {
			"rotation": [0, 0, 6],
			"translation": [-3, -1, 5.5]
		},
		"ground": {
			"translation": [0, 3, 0],
			"scale": [0.8, 0.8, 0.8]
		},
		"gui": {
			"rotation": [0, 170, 6],
			"translation": [0, -1.5, 0],
			"scale": [0.8, 0.8, 0.8]
		},
		"fixed": {
			"translation": [0, -2, -1.5]
		}
	},
	"groups": [
		{
			"name": "group",
			"origin": [8, 8, 8],
			"color": 0,
			"children": [0, 1, 2, 3, 4, 5, 6, 7]
		}
	]
}