{
	"credit": "Made with Blockbench",
	"texture_size": [32, 32],
	"textures": {
		"0": "custom/prop/rock1",
		"particle": "custom/prop/rock1"
	},
	"elements": [
		{
			"from": [4, 0, 6],
			"to": [7, 3, 9],
			"faces": {
				"north": {"uv": [7, 2.5, 8.5, 4], "texture": "#0"},
				"east": {"uv": [4.5, 7, 6, 8.5], "texture": "#0"},
				"south": {"uv": [0, 7.5, 1.5, 9], "texture": "#0"},
				"west": {"uv": [7.5, 0, 9, 1.5], "texture": "#0"},
				"up": {"uv": [10, 3, 8.5, 1.5], "texture": "#0"},
				"down": {"uv": [10, 3, 8.5, 4.5], "texture": "#0"}
			}
		},
		{
			"from": [7, 0, 5],
			"to": [11, 4, 9],
			"faces": {
				"north": {"uv": [2.5, 5, 4.5, 7], "texture": "#0"},
				"east": {"uv": [5, 2.5, 7, 4.5], "texture": "#0"},
				"south": {"uv": [4.5, 5, 6.5, 7], "texture": "#0"},
				"west": {"uv": [6.5, 4.5, 8.5, 6.5], "texture": "#0"},
				"up": {"uv": [8.5, 8.5, 6.5, 6.5], "texture": "#0"},
				"down": {"uv": [4.5, 7, 2.5, 9], "texture": "#0"}
			}
		},
		{
			"from": [5, 0, 9],
			"to": [10, 5, 14],
			"faces": {
				"north": {"uv": [0, 0, 2.5, 2.5], "texture": "#0"},
				"east": {"uv": [0, 2.5, 2.5, 5], "texture": "#0"},
				"south": {"uv": [2.5, 0, 5, 2.5], "texture": "#0"},
				"west": {"uv": [2.5, 2.5, 5, 5], "texture": "#0"},
				"up": {"uv": [2.5, 7.5, 0, 5], "texture": "#0"},
				"down": {"uv": [7.5, 0, 5, 2.5], "texture": "#0"}
			}
		}
	],
	"display": {
		"fixed": {
			"rotation": [-90, 0, 0],
			"translation": [0, 0, -16.5],
			"scale": [2, 2, 2]
		}
	},
	"groups": [
		{
			"name": "group",
			"origin": [8, 8, 8],
			"color": 0,
			"children": [0, 1, 2]
		}
	]
}