{
	"credit": "Made with Blockbench",
	"texture_size": [32, 32],
	"textures": {
		"0": "custom/item/gun/sar",
		"particle": "custom/item/gun/sar"
	},
	"elements": [
		{
			"from": [6, 0, 7],
			"to": [8, 4, 8],
			"rotation": {"angle": 0, "axis": "y", "origin": [7, 0, 8]},
			"faces": {
				"north": {"uv": [0, 4, 1, 6], "texture": "#0"},
				"east": {"uv": [2.5, 6, 3, 8], "texture": "#0"},
				"south": {"uv": [1, 4, 2, 6], "texture": "#0"},
				"west": {"uv": [3, 6, 3.5, 8], "texture": "#0"},
				"up": {"uv": [2.5, 7, 1.5, 6.5], "texture": "#0"},
				"down": {"uv": [2.5, 7, 1.5, 7.5], "texture": "#0"}
			}
		},
		{
			"from": [12, -1, 7],
			"to": [14, 3, 8],
			"rotation": {"angle": 22.5, "axis": "z", "origin": [7, 0, 8]},
			"faces": {
				"north": {"uv": [2, 4, 3, 6], "texture": "#0"},
				"east": {"uv": [3.5, 6, 4, 8], "texture": "#0"},
				"south": {"uv": [3, 4, 4, 6], "texture": "#0"},
				"west": {"uv": [0, 6.5, 0.5, 8.5], "texture": "#0"},
				"up": {"uv": [8.5, 6, 7.5, 5.5], "texture": "#0"},
				"down": {"uv": [8.5, 6, 7.5, 6.5], "texture": "#0"}
			}
		},
		{
			"from": [5.7, 3, 6.8],
			"to": [8.3, 4, 8.2],
			"rotation": {"angle": 0, "axis": "y", "origin": [7, 0, 8]},
			"faces": {
				"north": {"uv": [6.5, 2, 8, 2.5], "texture": "#0"},
				"east": {"uv": [6, 8, 6.5, 8.5], "texture": "#0"},
				"south": {"uv": [6.5, 2.5, 8, 3], "texture": "#0"},
				"west": {"uv": [6.5, 8, 7, 8.5], "texture": "#0"},
				"up": {"uv": [6.5, 7, 5, 6.5], "texture": "#0"},
				"down": {"uv": [8, 6.5, 6.5, 7], "texture": "#0"}
			}
		},
		{
			"from": [5.7, 3, 6.6],
			"to": [7.7, 4, 6.6],
			"rotation": {"angle": 0, "axis": "y", "origin": [7, 0, 8]},
			"faces": {
				"north": {"uv": [7, 7.5, 8, 8], "texture": "#0"},
				"east": {"uv": [0, 0, 0, 0.5], "texture": "#0"},
				"south": {"uv": [0.5, 8, 1.5, 8.5], "texture": "#0"},
				"west": {"uv": [0, 0, 0, 0.5], "texture": "#0"},
				"up": {"uv": [1, 0, 0, 0], "texture": "#0"},
				"down": {"uv": [1, 0, 0, 0], "texture": "#0"}
			}
		},
		{
			"from": [5.7, 2, 6.8],
			"to": [6.7, 3, 6.8],
			"rotation": {"angle": 0, "axis": "y", "origin": [7, 0, 8]},
			"faces": {
				"north": {"uv": [8, 6.5, 8.5, 7], "texture": "#0"},
				"east": {"uv": [0, 0, 0, 0.5], "texture": "#0"},
				"south": {"uv": [7, 8, 7.5, 8.5], "texture": "#0"},
				"west": {"uv": [0, 0, 0, 0.5], "texture": "#0"},
				"up": {"uv": [0.5, 0, 0, 0], "texture": "#0"},
				"down": {"uv": [0.5, 0, 0, 0], "texture": "#0"}
			}
		},
		{
			"from": [5.8, 0, 7],
			"to": [5.8, 1, 8],
			"rotation": {"angle": 0, "axis": "y", "origin": [7, 0, 8]},
			"faces": {
				"north": {"uv": [0, 0, 0, 0.5], "texture": "#0"},
				"east": {"uv": [8, 7, 8.5, 7.5], "texture": "#0"},
				"south": {"uv": [0, 0, 0, 0.5], "texture": "#0"},
				"west": {"uv": [7.5, 8, 8, 8.5], "texture": "#0"},
				"up": {"uv": [0, 0.5, 0, 0], "texture": "#0"},
				"down": {"uv": [0, 0, 0, 0.5], "texture": "#0"}
			}
		},
		{
			"from": [5.5, 3, 7],
			"to": [5.5, 4, 8],
			"rotation": {"angle": 0, "axis": "y", "origin": [7, 0, 8]},
			"faces": {
				"north": {"uv": [0, 0, 0, 0.5], "texture": "#0"},
				"east": {"uv": [8, 7.5, 8.5, 8], "texture": "#0"},
				"south": {"uv": [0, 0, 0, 0.5], "texture": "#0"},
				"west": {"uv": [8, 8, 8.5, 8.5], "texture": "#0"},
				"up": {"uv": [0, 0.5, 0, 0], "texture": "#0"},
				"down": {"uv": [0, 0, 0, 0.5], "texture": "#0"}
			}
		},
		{
			"from": [6.7, 0, 6.8],
			"to": [7.7, 2, 6.8],
			"rotation": {"angle": 0, "axis": "y", "origin": [7, 0, 8]},
			"faces": {
				"north": {"uv": [2, 7.5, 2.5, 8.5], "texture": "#0"},
				"east": {"uv": [0, 0, 0, 1], "texture": "#0"},
				"south": {"uv": [1.5, 8, 2, 9], "texture": "#0"},
				"west": {"uv": [0, 0, 0, 1], "texture": "#0"},
				"up": {"uv": [0.5, 0, 0, 0], "texture": "#0"},
				"down": {"uv": [0.5, 0, 0, 0], "texture": "#0"}
			}
		},
		{
			"from": [8, 2, 7.6],
			"to": [9, 3, 7.6],
			"rotation": {"angle": 0, "axis": "y", "origin": [7, 0, 8]},
			"faces": {
				"north": {"uv": [0, 8.5, 0.5, 9], "texture": "#0"},
				"east": {"uv": [0, 0, 0, 0.5], "texture": "#0"},
				"south": {"uv": [0.5, 8.5, 1, 9], "texture": "#0"},
				"west": {"uv": [0, 0, 0, 0.5], "texture": "#0"},
				"up": {"uv": [0.5, 0, 0, 0], "texture": "#0"},
				"down": {"uv": [0.5, 0, 0, 0], "texture": "#0"}
			}
		},
		{
			"from": [9, 3, 7.5],
			"to": [10, 4, 7.5],
			"rotation": {"angle": 0, "axis": "y", "origin": [7, 0, 8]},
			"faces": {
				"north": {"uv": [1, 8.5, 1.5, 9], "texture": "#0"},
				"east": {"uv": [0, 0, 0, 0.5], "texture": "#0"},
				"south": {"uv": [2, 8.5, 2.5, 9], "texture": "#0"},
				"west": {"uv": [0, 0, 0, 0.5], "texture": "#0"},
				"up": {"uv": [0.5, 0, 0, 0], "texture": "#0"},
				"down": {"uv": [0.5, 0, 0, 0], "texture": "#0"}
			}
		},
		{
			"from": [5.9, 4, 6.5],
			"to": [15.9, 6, 8.5],
			"rotation": {"angle": 0, "axis": "y", "origin": [7, 0, 8]},
			"faces": {
				"north": {"uv": [0, 0, 5, 1], "texture": "#0"},
				"east": {"uv": [0.5, 6.5, 1.5, 7.5], "texture": "#0"},
				"south": {"uv": [0, 1, 5, 2], "texture": "#0"},
				"west": {"uv": [6.5, 1, 7.5, 2], "texture": "#0"},
				"up": {"uv": [5, 3, 0, 2], "texture": "#0"},
				"down": {"uv": [5, 3, 0, 4], "texture": "#0"}
			}
		},
		{
			"from": [2.9, 4.6, 7],
			"to": [5.9, 5.6, 8],
			"rotation": {"angle": 0, "axis": "y", "origin": [7, 0, 8]},
			"faces": {
				"north": {"uv": [5, 7, 6.5, 7.5], "texture": "#0"},
				"east": {"uv": [8.5, 2, 9, 2.5], "texture": "#0"},
				"south": {"uv": [6.5, 7, 8, 7.5], "texture": "#0"},
				"west": {"uv": [8.5, 2.5, 9, 3], "texture": "#0"},
				"up": {"uv": [2, 8, 0.5, 7.5], "texture": "#0"},
				"down": {"uv": [9, 1, 7.5, 1.5], "texture": "#0"}
			}
		},
		{
			"from": [-2.1, 4.6, 7.5],
			"to": [2.9, 5.6, 7.5],
			"rotation": {"angle": 0, "axis": "y", "origin": [7, 0, 8]},
			"faces": {
				"north": {"uv": [5, 3, 7.5, 3.5], "texture": "#0"},
				"east": {"uv": [0, 0, 0, 0.5], "texture": "#0"},
				"south": {"uv": [5, 3.5, 7.5, 4], "texture": "#0"},
				"west": {"uv": [0, 0, 0, 0.5], "texture": "#0"},
				"up": {"uv": [2.5, 0, 0, 0], "texture": "#0"},
				"down": {"uv": [2.5, 0, 0, 0], "texture": "#0"}
			}
		},
		{
			"from": [-2.1, -0.4, 7.5],
			"to": [-1.1, 4.6, 7.5],
			"rotation": {"angle": 0, "axis": "z", "origin": [7, 0, 8]},
			"faces": {
				"north": {"uv": [4, 5, 4.5, 7.5], "texture": "#0"},
				"east": {"uv": [0, 0, 0, 2.5], "texture": "#0"},
				"south": {"uv": [4.5, 5, 5, 7.5], "texture": "#0"},
				"west": {"uv": [0, 0, 0, 2.5], "texture": "#0"},
				"up": {"uv": [0.5, 0, 0, 0], "texture": "#0"},
				"down": {"uv": [0.5, 0, 0, 0], "texture": "#0"}
			}
		},
		{
			"from": [-1.1, -0.4, 7.5],
			"to": [-0.1, 0.6, 7.5],
			"rotation": {"angle": 0, "axis": "z", "origin": [7, 0, 8]},
			"faces": {
				"north": {"uv": [4, 8.5, 4.5, 9], "texture": "#0"},
				"east": {"uv": [0, 0, 0, 0.5], "texture": "#0"},
				"south": {"uv": [4.5, 8.5, 5, 9], "texture": "#0"},
				"west": {"uv": [0, 0, 0, 0.5], "texture": "#0"},
				"up": {"uv": [0.5, 0, 0, 0], "texture": "#0"},
				"down": {"uv": [0.5, 0, 0, 0], "texture": "#0"}
			}
		},
		{
			"from": [-0.1, 0.6, 7.5],
			"to": [0.9, 2.6, 7.5],
			"rotation": {"angle": 0, "axis": "z", "origin": [7, 0, 8]},
			"faces": {
				"north": {"uv": [8, 2, 8.5, 3], "texture": "#0"},
				"east": {"uv": [0, 0, 0, 1], "texture": "#0"},
				"south": {"uv": [2.5, 8, 3, 9], "texture": "#0"},
				"west": {"uv": [0, 0, 0, 1], "texture": "#0"},
				"up": {"uv": [0.5, 0, 0, 0], "texture": "#0"},
				"down": {"uv": [0.5, 0, 0, 0], "texture": "#0"}
			}
		},
		{
			"from": [0.9, 2.6, 7.5],
			"to": [1.9, 4.6, 7.5],
			"rotation": {"angle": 0, "axis": "z", "origin": [7, 0, 8]},
			"faces": {
				"north": {"uv": [3, 8, 3.5, 9], "texture": "#0"},
				"east": {"uv": [0, 0, 0, 1], "texture": "#0"},
				"south": {"uv": [3.5, 8, 4, 9], "texture": "#0"},
				"west": {"uv": [0, 0, 0, 1], "texture": "#0"},
				"up": {"uv": [0.5, 0, 0, 0], "texture": "#0"},
				"down": {"uv": [0.5, 0, 0, 0], "texture": "#0"}
			}
		},
		{
			"from": [6.4, 6, 6.5],
			"to": [8.9, 7, 8.5],
			"rotation": {"angle": 0, "axis": "y", "origin": [7, 0, 8]},
			"faces": {
				"north": {"uv": [7.5, 1.5, 9, 2], "texture": "#0"},
				"east": {"uv": [4, 8, 5, 8.5], "texture": "#0"},
				"south": {"uv": [7.5, 3, 9, 3.5], "texture": "#0"},
				"west": {"uv": [8, 4, 9, 4.5], "texture": "#0"},
				"up": {"uv": [6.5, 2, 5, 1], "texture": "#0"},
				"down": {"uv": [6.5, 2, 5, 3], "texture": "#0"}
			}
		},
		{
			"from": [6.7, 7, 6.7],
			"to": [6.7, 7.7, 8.3],
			"rotation": {"angle": 0, "axis": "y", "origin": [7, 0, 8]},
			"faces": {
				"north": {"uv": [0, 0, 0, 0.5], "texture": "#0"},
				"east": {"uv": [8, 4.5, 9, 5], "texture": "#0"},
				"south": {"uv": [0, 0, 0, 0.5], "texture": "#0"},
				"west": {"uv": [5, 8, 6, 8.5], "texture": "#0"},
				"up": {"uv": [0, 1, 0, 0], "texture": "#0"},
				"down": {"uv": [0, 0, 0, 1], "texture": "#0"}
			}
		},
		{
			"from": [8.9, 6, 7],
			"to": [13.9, 7, 8],
			"rotation": {"angle": 0, "axis": "y", "origin": [7, 0, 8]},
			"faces": {
				"north": {"uv": [5, 5, 7.5, 5.5], "texture": "#0"},
				"east": {"uv": [5, 8.5, 5.5, 9], "texture": "#0"},
				"south": {"uv": [5, 5.5, 7.5, 6], "texture": "#0"},
				"west": {"uv": [5.5, 8.5, 6, 9], "texture": "#0"},
				"up": {"uv": [2.5, 6.5, 0, 6], "texture": "#0"},
				"down": {"uv": [7.5, 6, 5, 6.5], "texture": "#0"}
			}
		},
		{
			"from": [13.9, 3.5, 2.3],
			"to": [16.9, 4.7, 3.5],
			"rotation": {"angle": 45, "axis": "x", "origin": [7, -0.3, 8]},
			"faces": {
				"north": {"uv": [7.5, 3.5, 9, 4], "texture": "#0"},
				"east": {"uv": [8.5, 5.5, 9, 6], "texture": "#0"},
				"south": {"uv": [4, 7.5, 5.5, 8], "texture": "#0"},
				"west": {"uv": [6, 8.5, 6.5, 9], "texture": "#0"},
				"up": {"uv": [9, 5.5, 7.5, 5], "texture": "#0"},
				"down": {"uv": [7, 7.5, 5.5, 8], "texture": "#0"}
			}
		},
		{
			"from": [16.9, 3.6, 2.4],
			"to": [24.9, 4.6, 3.4],
			"rotation": {"angle": 45, "axis": "x", "origin": [7, -0.3, 8]},
			"faces": {
				"north": {"uv": [4, 4, 8, 4.5], "texture": "#0"},
				"east": {"uv": [8.5, 6, 9, 6.5], "texture": "#0"},
				"south": {"uv": [4, 4.5, 8, 5], "texture": "#0"},
				"west": {"uv": [6.5, 8.5, 7, 9], "texture": "#0"},
				"up": {"uv": [9, 0.5, 5, 0], "texture": "#0"},
				"down": {"uv": [9, 0.5, 5, 1], "texture": "#0"}
			}
		},
		{
			"from": [23.9, 7.1, 7.5],
			"to": [24.9, 8.1, 7.5],
			"rotation": {"angle": 0, "axis": "x", "origin": [7, -0.3, 8]},
			"faces": {
				"north": {"uv": [8.5, 6.5, 9, 7], "texture": "#0"},
				"east": {"uv": [0, 0, 0, 0.5], "texture": "#0"},
				"south": {"uv": [7, 8.5, 7.5, 9], "texture": "#0"},
				"west": {"uv": [0, 0, 0, 0.5], "texture": "#0"},
				"up": {"uv": [0.5, 0, 0, 0], "texture": "#0"},
				"down": {"uv": [0.5, 0, 0, 0], "texture": "#0"}
			}
		}
	],
	"display": {
		"thirdperson_righthand": {
			"rotation": [0, 90, 0],
			"translation": [0, 4.5, 0]
		},
		"thirdperson_lefthand": {
			"rotation": [0, -90, 0],
			"translation": [0, 4.5, 0]
		},
		"firstperson_righthand": {
			"rotation": [0, 90, 0],
			"translation": [-3, 7.25, 4.25]
		},
		"firstperson_lefthand": {
			"rotation": [0, -90, 0],
			"translation": [-3, 7.25, 4.25]
		},
		"ground": {
			"translation": [0, 4.5, 0]
		},
		"gui": {
			"rotation": [0, -180, 0],
			"translation": [3.25, 4, 0]
		},
		"fixed": {
			"translation": [-2.25, 3.5, -0.75]
		}
	},
	"groups": [
		{
			"name": "group",
			"origin": [8, 8, 8],
			"color": 0,
			"children": [0, 1, 2, 3, 4, 5, 6, 7, 8, 9, 10, 11, 12, 13, 14, 15, 16, 17, 18, 19, 20, 21, 22]
		}
	]
}