{
	"credit": "Made with Blockbench",
	"texture_size": [8, 8],
	"textures": {
		"0": "custom/item/shotgunshell",
		"particle": "custom/item/shotgunshell"
	},
	"elements": [
		{
			"from": [7.3, 0, 7.3],
			"to": [8.7, 3.7, 8.7],
			"faces": {
				"north": {"uv": [0, 0, 3, 7], "texture": "#0"},
				"east": {"uv": [4, 0, 7, 7], "texture": "#0"},
				"south": {"uv": [0, 8, 3, 15], "texture": "#0"},
				"west": {"uv": [8, 0, 11, 7], "texture": "#0"},
				"up": {"uv": [15, 3, 12, 0], "texture": "#0"},
				"down": {"uv": [7, 12, 4, 15], "texture": "#0"}
			}
		},
		{
			"from": [7.1, -0.1, 7.1],
			"to": [8.9, 0, 8.9],
			"faces": {
				"north": {"uv": [12, 4, 16, 5], "texture": "#0"},
				"east": {"uv": [12, 6, 16, 7], "texture": "#0"},
				"south": {"uv": [8, 12, 12, 13], "texture": "#0"},
				"west": {"uv": [12, 8, 16, 9], "texture": "#0"},
				"up": {"uv": [8, 12, 4, 8], "texture": "#0"},
				"down": {"uv": [12, 8, 8, 12], "texture": "#0"}
			}
		}
	],
	"display": {
		"thirdperson_righthand": {
			"translation": [0, 6, -0.5]
		},
		"thirdperson_lefthand": {
			"translation": [0, 6, -0.5]
		},
		"firstperson_righthand": {
			"translation": [-5.75, 11, 7.25],
			"scale": [0.8, 0.8, 0.8]
		},
		"firstperson_lefthand": {
			"translation": [-5.75, 11, 7.25],
			"scale": [0.8, 0.8, 0.8]
		},
		"ground": {
			"translation": [0, 4.25, 0]
		},
		"gui": {
			"translation": [0.25, 13.75, 0],
			"scale": [2.3, 2.3, 2.3]
		},
		"fixed": {
			"translation": [-0.25, 11.75, 0],
			"scale": [2, 2, 2]
		}
	},
	"groups": [
		{
			"name": "group",
			"origin": [8, 8, 8],
			"color": 0,
			"children": [0, 1]
		}
	]
}