{
	"credit": "Made with Blockbench",
	"texture_size": [64, 64],
	"textures": {
		"0": "custom/item/gun/sniper",
		"particle": "custom/item/gun/sniper"
	},
	"elements": [
		{
			"from": [-7, 0, 7],
			"to": [-4, 5, 8],
			"rotation": {"angle": -22.5, "axis": "z", "origin": [-2, 0, 7]},
			"faces": {
				"north": {"uv": [2, 6.5, 2.75, 7.75], "texture": "#0"},
				"east": {"uv": [3, 8.25, 3.25, 9.5], "texture": "#0"},
				"south": {"uv": [2.75, 6.5, 3.5, 7.75], "texture": "#0"},
				"west": {"uv": [8.5, 3.75, 8.75, 5], "texture": "#0"},
				"up": {"uv": [4.75, 2, 4, 1.75], "texture": "#0"},
				"down": {"uv": [3.5, 4.25, 2.75, 4.5], "texture": "#0"}
			}
		},
		{
			"from": [5, 5.6, 6.3],
			"to": [16, 7, 9],
			"rotation": {"angle": 0, "axis": "z", "origin": [-2, 0, 7.3]},
			"faces": {
				"north": {"uv": [2.75, 4.5, 5.5, 5], "texture": "#0"},
				"east": {"uv": [5.5, 4.5, 6.25, 5], "texture": "#0"},
				"south": {"uv": [4.75, 1.75, 7.5, 2.25], "texture": "#0"},
				"west": {"uv": [7.75, 4.5, 8.5, 5], "texture": "#0"},
				"up": {"uv": [5.5, 1.75, 2.75, 1], "texture": "#0"},
				"down": {"uv": [6.25, 3, 3.5, 3.75], "texture": "#0"}
			}
		},
		{
			"from": [18.4, 5, 7],
			"to": [21.6, 6, 8.6],
			"rotation": {"angle": 0, "axis": "z", "origin": [-2, 0, 7.3]},
			"faces": {
				"north": {"uv": [8.5, 0.5, 9.25, 0.75], "texture": "#0"},
				"east": {"uv": [8.75, 4.25, 9.25, 4.5], "texture": "#0"},
				"south": {"uv": [8.5, 6, 9.25, 6.25], "texture": "#0"},
				"west": {"uv": [8.75, 4.5, 9.25, 4.75], "texture": "#0"},
				"up": {"uv": [1.5, 8.75, 0.75, 8.25], "texture": "#0"},
				"down": {"uv": [2.25, 8.25, 1.5, 8.75], "texture": "#0"}
			}
		},
		{
			"from": [19.4, -0.6, 10.4],
			"to": [20.6, 4.4, 10.4],
			"rotation": {"angle": -22.5, "axis": "x", "origin": [-2, 0, 7.3]},
			"faces": {
				"north": {"uv": [8.5, 7.75, 8.75, 9], "texture": "#0"},
				"east": {"uv": [0, 0, 0, 1.25], "texture": "#0"},
				"south": {"uv": [0.75, 8.75, 1, 10], "texture": "#0"},
				"west": {"uv": [0, 0, 0, 1.25], "texture": "#0"},
				"up": {"uv": [0.25, 0, 0, 0], "texture": "#0"},
				"down": {"uv": [0.25, 0, 0, 0], "texture": "#0"}
			}
		},
		{
			"from": [18.4, -2.6, 10.4],
			"to": [21.6, -0.6, 10.4],
			"rotation": {"angle": -22.5, "axis": "x", "origin": [-2, 0, 7.3]},
			"faces": {
				"north": {"uv": [2.25, 8.25, 3, 8.75], "texture": "#0"},
				"east": {"uv": [0, 0, 0, 0.5], "texture": "#0"},
				"south": {"uv": [8.25, 6.25, 9, 6.75], "texture": "#0"},
				"west": {"uv": [0, 0, 0, 0.5], "texture": "#0"},
				"up": {"uv": [0.75, 0, 0, 0], "texture": "#0"},
				"down": {"uv": [0.75, 0, 0, 0], "texture": "#0"}
			}
		},
		{
			"from": [19.4, -0.2, 5.1],
			"to": [20.6, 4.8, 5.1],
			"rotation": {"angle": 22.5, "axis": "x", "origin": [-2, 0, 7.3]},
			"faces": {
				"north": {"uv": [1, 8.75, 1.25, 10], "texture": "#0"},
				"east": {"uv": [0, 0, 0, 1.25], "texture": "#0"},
				"south": {"uv": [1.25, 8.75, 1.5, 10], "texture": "#0"},
				"west": {"uv": [0, 0, 0, 1.25], "texture": "#0"},
				"up": {"uv": [0.25, 0, 0, 0], "texture": "#0"},
				"down": {"uv": [0.25, 0, 0, 0], "texture": "#0"}
			}
		},
		{
			"from": [18.4, -2.2, 5.1],
			"to": [21.6, -0.2, 5.1],
			"rotation": {"angle": 22.5, "axis": "x", "origin": [-2, 0, 7.3]},
			"faces": {
				"north": {"uv": [8.25, 6.75, 9, 7.25], "texture": "#0"},
				"east": {"uv": [0, 0, 0, 0.5], "texture": "#0"},
				"south": {"uv": [8.25, 7.25, 9, 7.75], "texture": "#0"},
				"west": {"uv": [0, 0, 0, 0.5], "texture": "#0"},
				"up": {"uv": [0.75, 0, 0, 0], "texture": "#0"},
				"down": {"uv": [0.75, 0, 0, 0], "texture": "#0"}
			}
		},
		{
			"from": [-3.8, 5.6, 9.1],
			"to": [2.8, 7.6, 13.6],
			"rotation": {"angle": 0, "axis": "z", "origin": [-2, 0, 7]},
			"faces": {
				"north": {"uv": [6.5, 6.25, 8.25, 6.75], "texture": "#0"},
				"east": {"uv": [7.5, 1.75, 8.75, 2.25], "texture": "#0"},
				"south": {"uv": [6.5, 6.75, 8.25, 7.25], "texture": "#0"},
				"west": {"uv": [4.5, 7.5, 5.75, 8], "texture": "#0"},
				"up": {"uv": [1.75, 4.25, 0, 3], "texture": "#0"},
				"down": {"uv": [3.5, 3, 1.75, 4.25], "texture": "#0"}
			}
		},
		{
			"from": [5, 6, 6.8],
			"to": [24, 8, 8.8],
			"rotation": {"angle": 0, "axis": "z", "origin": [-2, 0, 7.3]},
			"faces": {
				"north": {"uv": [0, 2, 4.75, 2.5], "texture": "#0"},
				"east": {"uv": [5.75, 7.5, 6.25, 8], "texture": "#0"},
				"south": {"uv": [0, 2.5, 4.75, 3], "texture": "#0"},
				"west": {"uv": [8.5, 5.5, 9, 6], "texture": "#0"},
				"up": {"uv": [7.5, 0.5, 2.75, 0], "texture": "#0"},
				"down": {"uv": [7.5, 0.5, 2.75, 1], "texture": "#0"}
			}
		},
		{
			"from": [24, 5.6, 6.4],
			"to": [30, 8.4, 9.2],
			"rotation": {"angle": 0, "axis": "z", "origin": [-2, 0, 7.3]},
			"faces": {
				"north": {"uv": [5.5, 1, 7, 1.75], "texture": "#0"},
				"east": {"uv": [7.75, 3.75, 8.5, 4.5], "texture": "#0"},
				"south": {"uv": [5, 5.5, 6.5, 6.25], "texture": "#0"},
				"west": {"uv": [7.75, 5.5, 8.5, 6.25], "texture": "#0"},
				"up": {"uv": [7.75, 3.5, 6.25, 2.75], "texture": "#0"},
				"down": {"uv": [7.75, 3.5, 6.25, 4.25], "texture": "#0"}
			}
		},
		{
			"from": [-6, 5, 5.8],
			"to": [5, 8, 9.3],
			"rotation": {"angle": 0, "axis": "z", "origin": [-2, 0, 7.3]},
			"faces": {
				"north": {"uv": [3.5, 3.75, 6.25, 4.5], "texture": "#0"},
				"east": {"uv": [3.5, 7.25, 4.5, 8], "texture": "#0"},
				"south": {"uv": [0, 4.25, 2.75, 5], "texture": "#0"},
				"west": {"uv": [6.25, 7.25, 7.25, 8], "texture": "#0"},
				"up": {"uv": [2.75, 1, 0, 0], "texture": "#0"},
				"down": {"uv": [2.75, 1, 0, 2], "texture": "#0"}
			}
		},
		{
			"from": [-3.8, 8, 6.4],
			"to": [-2, 8.5, 6.7],
			"rotation": {"angle": 0, "axis": "z", "origin": [-2, 0, 7]},
			"faces": {
				"north": {"uv": [4.75, 8.75, 5.25, 9], "texture": "#0"},
				"east": {"uv": [4.5, 7.25, 4.75, 7.5], "texture": "#0"},
				"south": {"uv": [8.75, 4.75, 9.25, 5], "texture": "#0"},
				"west": {"uv": [3.25, 7.75, 3.5, 8], "texture": "#0"},
				"up": {"uv": [9.25, 5.25, 8.75, 5], "texture": "#0"},
				"down": {"uv": [5.75, 8.75, 5.25, 9], "texture": "#0"}
			}
		},
		{
			"from": [-5.3, 8.5, 6.1],
			"to": [5.1, 10.8, 8.5],
			"rotation": {"angle": 0, "axis": "z", "origin": [-2, 0, 7]},
			"faces": {
				"north": {"uv": [4.75, 2.25, 7.25, 2.75], "texture": "#0"},
				"east": {"uv": [1.5, 8.75, 2, 9.25], "texture": "#0"},
				"south": {"uv": [0, 5, 2.5, 5.5], "texture": "#0"},
				"west": {"uv": [8.75, 1.75, 9.25, 2.25], "texture": "#0"},
				"up": {"uv": [5, 5.5, 2.5, 5], "texture": "#0"},
				"down": {"uv": [7.5, 5, 5, 5.5], "texture": "#0"}
			}
		},
		{
			"from": [5.1, 8.5, 6],
			"to": [8.5, 11.1, 8.6],
			"rotation": {"angle": 0, "axis": "z", "origin": [-2, 0, 7]},
			"faces": {
				"north": {"uv": [3.25, 8, 4, 8.75], "texture": "#0"},
				"east": {"uv": [4, 8, 4.75, 8.75], "texture": "#0"},
				"south": {"uv": [4.75, 8, 5.5, 8.75], "texture": "#0"},
				"west": {"uv": [5.5, 8, 6.25, 8.75], "texture": "#0"},
				"up": {"uv": [7, 8.75, 6.25, 8], "texture": "#0"},
				"down": {"uv": [7.75, 8, 7, 8.75], "texture": "#0"}
			}
		},
		{
			"from": [-3.8, 8, 7.9],
			"to": [-2, 8.5, 8.2],
			"rotation": {"angle": 0, "axis": "z", "origin": [-2, 0, 7]},
			"faces": {
				"north": {"uv": [8.75, 5.25, 9.25, 5.5], "texture": "#0"},
				"east": {"uv": [8.25, 7.75, 8.5, 8], "texture": "#0"},
				"south": {"uv": [5.75, 8.75, 6.25, 9], "texture": "#0"},
				"west": {"uv": [0.5, 9, 0.75, 9.25], "texture": "#0"},
				"up": {"uv": [6.75, 9, 6.25, 8.75], "texture": "#0"},
				"down": {"uv": [7.25, 8.75, 6.75, 9], "texture": "#0"}
			}
		},
		{
			"from": [2.2, 8, 7.9],
			"to": [4, 8.5, 8.2],
			"rotation": {"angle": 0, "axis": "z", "origin": [-2, 0, 7]},
			"faces": {
				"north": {"uv": [7.25, 8.75, 7.75, 9], "texture": "#0"},
				"east": {"uv": [9, 2.75, 9.25, 3], "texture": "#0"},
				"south": {"uv": [7.75, 8.75, 8.25, 9], "texture": "#0"},
				"west": {"uv": [9, 3, 9.25, 3.25], "texture": "#0"},
				"up": {"uv": [9.25, 8, 8.75, 7.75], "texture": "#0"},
				"down": {"uv": [9.25, 8, 8.75, 8.25], "texture": "#0"}
			}
		},
		{
			"from": [2.2, 8, 6.4],
			"to": [4, 8.5, 6.7],
			"rotation": {"angle": 0, "axis": "z", "origin": [-2, 0, 7]},
			"faces": {
				"north": {"uv": [8.75, 8.25, 9.25, 8.5], "texture": "#0"},
				"east": {"uv": [3.25, 9, 3.5, 9.25], "texture": "#0"},
				"south": {"uv": [8.75, 8.5, 9.25, 8.75], "texture": "#0"},
				"west": {"uv": [9, 3.25, 9.25, 3.5], "texture": "#0"},
				"up": {"uv": [9.25, 9, 8.75, 8.75], "texture": "#0"},
				"down": {"uv": [0.5, 9, 0, 9.25], "texture": "#0"}
			}
		},
		{
			"from": [-11, 5.5, 6.5],
			"to": [-6, 7.5, 8.5],
			"rotation": {"angle": 0, "axis": "z", "origin": [-2, 0, 7]},
			"faces": {
				"north": {"uv": [7.5, 5, 8.75, 5.5], "texture": "#0"},
				"east": {"uv": [2, 8.75, 2.5, 9.25], "texture": "#0"},
				"south": {"uv": [2, 7.75, 3.25, 8.25], "texture": "#0"},
				"west": {"uv": [2.5, 8.75, 3, 9.25], "texture": "#0"},
				"up": {"uv": [9, 3.25, 7.75, 2.75], "texture": "#0"},
				"down": {"uv": [9, 3.25, 7.75, 3.75], "texture": "#0"}
			}
		},
		{
			"from": [-16, 3.9, 5.7],
			"to": [-11, 8.1, 9.3],
			"rotation": {"angle": 0, "axis": "z", "origin": [-2, 0, 7]},
			"faces": {
				"north": {"uv": [0, 5.5, 1.25, 6.5], "texture": "#0"},
				"east": {"uv": [0, 6.5, 1, 7.5], "texture": "#0"},
				"south": {"uv": [1.25, 5.5, 2.5, 6.5], "texture": "#0"},
				"west": {"uv": [1, 6.5, 2, 7.5], "texture": "#0"},
				"up": {"uv": [3.75, 6.5, 2.5, 5.5], "texture": "#0"},
				"down": {"uv": [5, 5.5, 3.75, 6.5], "texture": "#0"}
			}
		},
		{
			"from": [-13, 5.9, 5.8],
			"to": [-9, 9.1, 9.2],
			"rotation": {"angle": 22.5, "axis": "z", "origin": [-2, 0, 7]},
			"faces": {
				"north": {"uv": [7.25, 7.25, 8.25, 8], "texture": "#0"},
				"east": {"uv": [7.75, 8, 8.5, 8.75], "texture": "#0"},
				"south": {"uv": [0, 7.5, 1, 8.25], "texture": "#0"},
				"west": {"uv": [0, 8.25, 0.75, 9], "texture": "#0"},
				"up": {"uv": [8.5, 0.75, 7.5, 0], "texture": "#0"},
				"down": {"uv": [2, 7.5, 1, 8.25], "texture": "#0"}
			}
		},
		{
			"from": [-3, 3, 7],
			"to": [0, 3, 8],
			"rotation": {"angle": 0, "axis": "z", "origin": [-2, 0, 7]},
			"faces": {
				"north": {"uv": [0, 0, 0.75, 0], "texture": "#0"},
				"east": {"uv": [0, 0, 0.25, 0], "texture": "#0"},
				"south": {"uv": [0, 0, 0.75, 0], "texture": "#0"},
				"west": {"uv": [0, 0, 0.25, 0], "texture": "#0"},
				"up": {"uv": [4.75, 9, 4, 8.75], "texture": "#0"},
				"down": {"uv": [9.5, 4, 8.75, 4.25], "texture": "#0"}
			}
		},
		{
			"from": [0, 3, 7],
			"to": [0, 5, 8],
			"rotation": {"angle": 0, "axis": "z", "origin": [-2, 0, 7]},
			"faces": {
				"north": {"uv": [0, 0, 0, 0.5], "texture": "#0"},
				"east": {"uv": [4.75, 6.5, 5, 7], "texture": "#0"},
				"south": {"uv": [0, 0, 0, 0.5], "texture": "#0"},
				"west": {"uv": [8.25, 8.75, 8.5, 9.25], "texture": "#0"},
				"up": {"uv": [0, 0.25, 0, 0], "texture": "#0"},
				"down": {"uv": [0, 0, 0, 0.25], "texture": "#0"}
			}
		},
		{
			"from": [-1, 3, 7.5],
			"to": [0, 4, 7.5],
			"rotation": {"angle": 0, "axis": "z", "origin": [-2, 0, 7]},
			"faces": {
				"north": {"uv": [3.5, 9, 3.75, 9.25], "texture": "#0"},
				"east": {"uv": [0, 0, 0, 0.25], "texture": "#0"},
				"south": {"uv": [9, 3.5, 9.25, 3.75], "texture": "#0"},
				"west": {"uv": [0, 0, 0, 0.25], "texture": "#0"},
				"up": {"uv": [0.25, 0, 0, 0], "texture": "#0"},
				"down": {"uv": [0.25, 0, 0, 0], "texture": "#0"}
			}
		},
		{
			"from": [-2, 4, 7.5],
			"to": [-1, 5, 7.5],
			"rotation": {"angle": 0, "axis": "z", "origin": [-2, 0, 7]},
			"faces": {
				"north": {"uv": [3.75, 9, 4, 9.25], "texture": "#0"},
				"east": {"uv": [0, 0, 0, 0.25], "texture": "#0"},
				"south": {"uv": [4, 9, 4.25, 9.25], "texture": "#0"},
				"west": {"uv": [0, 0, 0, 0.25], "texture": "#0"},
				"up": {"uv": [0.25, 0, 0, 0], "texture": "#0"},
				"down": {"uv": [0.25, 0, 0, 0], "texture": "#0"}
			}
		}
	],
	"display": {
		"thirdperson_righthand": {
			"rotation": [0, 90, 0],
			"translation": [0, 3, -6.25],
			"scale": [0.65, 0.65, 0.65]
		},
		"thirdperson_lefthand": {
			"rotation": [0, -90, 0],
			"translation": [0, 3, -6.25],
			"scale": [0.65, 0.65, 0.65]
		},
		"firstperson_righthand": {
			"rotation": [0, 90, 0],
			"translation": [-2.5, 6, -8]
		},
		"firstperson_lefthand": {
			"rotation": [0, -90, 0],
			"translation": [-2.5, 6, -8]
		},
		"ground": {
			"translation": [0, 4, 0]
		},
		"gui": {
			"rotation": [0, -180, 0],
			"translation": [0, 0.75, 0],
			"scale": [0.7, 0.7, 0.7]
		},
		"fixed": {
			"translation": [0, 0, -2]
		}
	},
	"groups": [
		{
			"name": "group",
			"origin": [8, 8, 8],
			"color": 0,
			"children": [0, 1, 2, 3, 4, 5, 6, 7, 8, 9, 10, 11, 12, 13, 14, 15, 16, 17, 18, 19, 20, 21, 22, 23]
		}
	]
}