{
	"credit": "Made with Blockbench",
	"texture_size": [64, 64],
	"textures": {
		"0": "custom/block/boards",
		"particle": "custom/block/boards"
	},
	"elements": [
		{
			"from": [5, 0, 10],
			"to": [8, 22, 11],
			"rotation": {"angle": 22.5, "axis": "x", "origin": [0, 0, 8]},
			"faces": {
				"north": {"uv": [0, 0, 0.75, 5.5], "texture": "#0"},
				"east": {"uv": [4, 0, 4.25, 5.5], "texture": "#0"},
				"south": {"uv": [0.75, 0, 1.5, 5.5], "texture": "#0"},
				"west": {"uv": [1.5, 4, 1.75, 9.5], "texture": "#0"},
				"up": {"uv": [4, 4.25, 3.25, 4], "texture": "#0"},
				"down": {"uv": [5, 0, 4.25, 0.25], "texture": "#0"}
			}
		},
		{
			"from": [7.8, -1, 7.9],
			"to": [10.5, 15, 10],
			"rotation": {"angle": 45, "axis": "x", "origin": [0, 0, 8]},
			"faces": {
				"north": {"uv": [1.5, 0, 2.25, 4], "texture": "#0"},
				"east": {"uv": [3, 0, 3.5, 4], "texture": "#0"},
				"south": {"uv": [2.25, 0, 3, 4], "texture": "#0"},
				"west": {"uv": [3.5, 0, 4, 4], "texture": "#0"},
				"up": {"uv": [2.5, 4.5, 1.75, 4], "texture": "#0"},
				"down": {"uv": [3.25, 4, 2.5, 4.5], "texture": "#0"}
			}
		}
	],
	"display": {},
	"groups": [
		{
			"name": "group",
			"origin": [0, 0, 0],
			"color": 0,
			"children": [0, 1]
		}
	]
}