{
	"credit": "Made with Blockbench",
	"texture_size": [64, 64],
	"textures": {
		"0": "custom/bunker/bunker_hatch_base",
		"1": "custom/bunker/bunker_hatch_wheel_top",
		"2": "custom/bunker/bunker_hatch_wheel_bottom",
		"3": "custom/bunker/bunker_hatch_sides",
		"4": "custom/bunker/bunker_hatch_front",
		"5": "custom/bunker/bunker_hatch_back",
		"particle": "custom/bunker/bunker_hatch_base"
	},
	"elements": [
		{
			"name": "Base",
			"from": [-4, 0, -5],
			"to": [21, 5, 20],
			"faces": {
				"north": {"uv": [6.5, 0, 13, 1.25], "texture": "#0"},
				"east": {"uv": [6.5, 1.25, 13, 2.5], "texture": "#0"},
				"south": {"uv": [6.5, 2.5, 13, 3.75], "texture": "#0"},
				"west": {"uv": [6.5, 3.75, 13, 5], "texture": "#0"},
				"up": {"uv": [6.5, 6.5, 0, 0], "texture": "#0"},
				"down": {"uv": [6.5, 6.5, 0, 13], "texture": "#0"}
			}
		},
		{
			"name": "Sides",
			"from": [21, 0, -7],
			"to": [25, 6, 23],
			"faces": {
				"north": {"uv": [4, 6, 5, 7.5], "texture": "#3"},
				"east": {"uv": [0, 0, 7.5, 1.5], "texture": "#3"},
				"south": {"uv": [5, 6, 6, 7.5], "texture": "#3"},
				"west": {"uv": [0, 1.5, 7.5, 3], "texture": "#3"},
				"up": {"uv": [1, 13.5, 0, 6], "texture": "#3"},
				"down": {"uv": [2, 6, 1, 13.5], "texture": "#3"}
			}
		},
		{
			"name": "Sides",
			"from": [-8, 0, -7],
			"to": [-4, 6, 23],
			"faces": {
				"north": {"uv": [6, 6, 7, 7.5], "texture": "#3"},
				"east": {"uv": [0, 3, 7.5, 4.5], "texture": "#3"},
				"south": {"uv": [7, 6, 8, 7.5], "texture": "#3"},
				"west": {"uv": [0, 4.5, 7.5, 6], "texture": "#3"},
				"up": {"uv": [3, 13.5, 2, 6], "texture": "#3"},
				"down": {"uv": [4, 6, 3, 13.5], "texture": "#3"}
			}
		},
		{
			"name": "front",
			"from": [-4, 0, -6],
			"to": [21, 6, -5],
			"faces": {
				"north": {"uv": [0, 0, 13, 3], "texture": "#4"},
				"east": {"uv": [0, 7, 0.5, 10], "texture": "#4"},
				"south": {"uv": [0, 3, 13, 6], "texture": "#4"},
				"west": {"uv": [0.5, 7, 1, 10], "texture": "#4"},
				"up": {"uv": [13, 6.5, 0, 6], "texture": "#4"},
				"down": {"uv": [13, 6.5, 0, 7], "texture": "#4"}
			}
		},
		{
			"name": "back",
			"from": [-9, 0, 20],
			"to": [26, 7, 25],
			"faces": {
				"north": {"uv": [0, 0, 8.75, 1.75], "texture": "#5"},
				"east": {"uv": [0, 6, 1.25, 7.75], "texture": "#5"},
				"south": {"uv": [0, 0, 8.75, 1.75], "texture": "#5"},
				"west": {"uv": [0, 6, 1.25, 7.75], "texture": "#5"},
				"up": {"uv": [8.75, 6, 0, 4.75], "texture": "#5"},
				"down": {"uv": [8.75, 4.75, 0, 6], "texture": "#5"}
			}
		},
		{
			"name": "wheel",
			"from": [8, 5, 6],
			"to": [9, 6, 9],
			"faces": {
				"north": {"uv": [2, 4, 3, 5], "texture": "#2"},
				"east": {"uv": [0, 0, 3, 1], "texture": "#2"},
				"south": {"uv": [3, 4, 4, 5], "texture": "#2"},
				"west": {"uv": [0, 1, 3, 2], "texture": "#2"},
				"up": {"uv": [1, 5, 0, 2], "texture": "#2"},
				"down": {"uv": [2, 2, 1, 5], "texture": "#2"}
			}
		},
		{
			"name": "wheel",
			"from": [7, 5, 7],
			"to": [10, 6, 8],
			"faces": {
				"north": {"uv": [2, 2, 5, 3], "texture": "#2"},
				"east": {"uv": [4, 4, 5, 5], "texture": "#2"},
				"south": {"uv": [3, 0, 6, 1], "texture": "#2"},
				"west": {"uv": [0, 5, 1, 6], "texture": "#2"},
				"up": {"uv": [6, 2, 3, 1], "texture": "#2"},
				"down": {"uv": [5, 3, 2, 4], "texture": "#2"}
			}
		},
		{
			"name": "wheel top",
			"from": [8, 6, 4],
			"to": [9, 6.1, 11],
			"faces": {
				"north": {"uv": [0, 0, 1, 0], "texture": "#1"},
				"east": {"uv": [0, 0, 7, 0], "texture": "#1"},
				"south": {"uv": [0, 0, 1, 0], "texture": "#1"},
				"west": {"uv": [0, 0, 7, 0], "texture": "#1"},
				"up": {"uv": [1, 7, 0, 0], "texture": "#1"},
				"down": {"uv": [2, 0, 1, 7], "texture": "#1"}
			}
		},
		{
			"name": "wheel top",
			"from": [5, 6, 7],
			"to": [12, 6.1, 8],
			"faces": {
				"north": {"uv": [0, 0, 7, 0], "texture": "#1"},
				"east": {"uv": [0, 0, 1, 0], "texture": "#1"},
				"south": {"uv": [0, 0, 7, 0], "texture": "#1"},
				"west": {"uv": [0, 0, 1, 0], "texture": "#1"},
				"up": {"uv": [9, 1, 2, 0], "texture": "#1"},
				"down": {"uv": [9, 1, 2, 2], "texture": "#1"}
			}
		},
		{
			"from": [11, 6, 6],
			"to": [12, 6.1, 9],
			"faces": {
				"north": {"uv": [0, 0, 1, 0], "texture": "#1"},
				"east": {"uv": [0, 0, 3, 0], "texture": "#1"},
				"south": {"uv": [0, 0, 1, 0], "texture": "#1"},
				"west": {"uv": [0, 0, 3, 0], "texture": "#1"},
				"up": {"uv": [3, 5, 2, 2], "texture": "#1"},
				"down": {"uv": [4, 2, 3, 5], "texture": "#1"}
			}
		},
		{
			"from": [5, 6, 6],
			"to": [6, 6.1, 9],
			"faces": {
				"north": {"uv": [0, 0, 1, 0], "texture": "#1"},
				"east": {"uv": [0, 0, 3, 0], "texture": "#1"},
				"south": {"uv": [0, 0, 1, 0], "texture": "#1"},
				"west": {"uv": [0, 0, 3, 0], "texture": "#1"},
				"up": {"uv": [5, 5, 4, 2], "texture": "#1"},
				"down": {"uv": [3, 5, 2, 8], "texture": "#1"}
			}
		},
		{
			"from": [7, 6, 10],
			"to": [10, 6.1, 11],
			"faces": {
				"north": {"uv": [0, 0, 3, 0], "texture": "#1"},
				"east": {"uv": [0, 0, 1, 0], "texture": "#1"},
				"south": {"uv": [0, 0, 3, 0], "texture": "#1"},
				"west": {"uv": [0, 0, 1, 0], "texture": "#1"},
				"up": {"uv": [8, 3, 5, 2], "texture": "#1"},
				"down": {"uv": [6, 5, 3, 6], "texture": "#1"}
			}
		},
		{
			"from": [7, 6, 4],
			"to": [10, 6.1, 5],
			"faces": {
				"north": {"uv": [0, 0, 3, 0], "texture": "#1"},
				"east": {"uv": [0, 0, 1, 0], "texture": "#1"},
				"south": {"uv": [0, 0, 3, 0], "texture": "#1"},
				"west": {"uv": [0, 0, 1, 0], "texture": "#1"},
				"up": {"uv": [8, 4, 5, 3], "texture": "#1"},
				"down": {"uv": [8, 4, 5, 5], "texture": "#1"}
			}
		},
		{
			"from": [10, 6, 9],
			"to": [12, 6.1, 10],
			"faces": {
				"north": {"uv": [0, 0, 2, 0], "texture": "#1"},
				"east": {"uv": [0, 0, 1, 0], "texture": "#1"},
				"south": {"uv": [0, 0, 2, 0], "texture": "#1"},
				"west": {"uv": [0, 0, 1, 0], "texture": "#1"},
				"up": {"uv": [5, 7, 3, 6], "texture": "#1"},
				"down": {"uv": [7, 6, 5, 7], "texture": "#1"}
			}
		},
		{
			"from": [5, 6, 9],
			"to": [7, 6.1, 10],
			"faces": {
				"north": {"uv": [0, 0, 2, 0], "texture": "#1"},
				"east": {"uv": [0, 0, 1, 0], "texture": "#1"},
				"south": {"uv": [0, 0, 2, 0], "texture": "#1"},
				"west": {"uv": [0, 0, 1, 0], "texture": "#1"},
				"up": {"uv": [8, 6, 6, 5], "texture": "#1"},
				"down": {"uv": [2, 7, 0, 8], "texture": "#1"}
			}
		},
		{
			"from": [6, 6, 9],
			"to": [7, 6.1, 11],
			"faces": {
				"north": {"uv": [0, 0, 1, 0], "texture": "#1"},
				"east": {"uv": [0, 0, 2, 0], "texture": "#1"},
				"south": {"uv": [0, 0, 1, 0], "texture": "#1"},
				"west": {"uv": [0, 0, 2, 0], "texture": "#1"},
				"up": {"uv": [4, 9, 3, 7], "texture": "#1"},
				"down": {"uv": [5, 7, 4, 9], "texture": "#1"}
			}
		},
		{
			"from": [10, 6, 9],
			"to": [11, 6.1, 11],
			"faces": {
				"north": {"uv": [0, 0, 1, 0], "texture": "#1"},
				"east": {"uv": [0, 0, 2, 0], "texture": "#1"},
				"south": {"uv": [0, 0, 1, 0], "texture": "#1"},
				"west": {"uv": [0, 0, 2, 0], "texture": "#1"},
				"up": {"uv": [6, 9, 5, 7], "texture": "#1"},
				"down": {"uv": [7, 7, 6, 9], "texture": "#1"}
			}
		},
		{
			"from": [10, 6, 4],
			"to": [11, 6.1, 6],
			"faces": {
				"north": {"uv": [0, 0, 1, 0], "texture": "#1"},
				"east": {"uv": [0, 0, 2, 0], "texture": "#1"},
				"south": {"uv": [0, 0, 1, 0], "texture": "#1"},
				"west": {"uv": [0, 0, 2, 0], "texture": "#1"},
				"up": {"uv": [8, 8, 7, 6], "texture": "#1"},
				"down": {"uv": [1, 8, 0, 10], "texture": "#1"}
			}
		},
		{
			"from": [6, 6, 4],
			"to": [7, 6.1, 6],
			"faces": {
				"north": {"uv": [0, 0, 1, 0], "texture": "#1"},
				"east": {"uv": [0, 0, 2, 0], "texture": "#1"},
				"south": {"uv": [0, 0, 1, 0], "texture": "#1"},
				"west": {"uv": [0, 0, 2, 0], "texture": "#1"},
				"up": {"uv": [2, 10, 1, 8], "texture": "#1"},
				"down": {"uv": [3, 8, 2, 10], "texture": "#1"}
			}
		},
		{
			"from": [5, 6, 5],
			"to": [7, 6.1, 6],
			"faces": {
				"north": {"uv": [0, 0, 2, 0], "texture": "#1"},
				"east": {"uv": [0, 0, 1, 0], "texture": "#1"},
				"south": {"uv": [0, 0, 2, 0], "texture": "#1"},
				"west": {"uv": [0, 0, 1, 0], "texture": "#1"},
				"up": {"uv": [10, 3, 8, 2], "texture": "#1"},
				"down": {"uv": [10, 3, 8, 4], "texture": "#1"}
			}
		},
		{
			"from": [10, 6, 5],
			"to": [12, 6.1, 6],
			"faces": {
				"north": {"uv": [0, 0, 2, 0], "texture": "#1"},
				"east": {"uv": [0, 0, 1, 0], "texture": "#1"},
				"south": {"uv": [0, 0, 2, 0], "texture": "#1"},
				"west": {"uv": [0, 0, 1, 0], "texture": "#1"},
				"up": {"uv": [10, 5, 8, 4], "texture": "#1"},
				"down": {"uv": [10, 5, 8, 6], "texture": "#1"}
			}
		}
	],
	"display": {
		"thirdperson_righthand": {
			"translation": [-6.25, 0, 0],
			"scale": [0.5, 0.5, 0.5]
		},
		"thirdperson_lefthand": {
			"translation": [-6, 0, 0],
			"scale": [0.5, 0.5, 0.5]
		},
		"gui": {
			"rotation": [90, -180, 0],
			"translation": [0.5, -0.5, 0],
			"scale": [0.5, 0.5, 0.5]
		},
		"fixed": {
			"rotation": [-89.25, 0, 0],
			"translation": [-0.5, 0, -5.5],
			"scale": [0.5, 0.5, 0.5]
		}
	},
	"groups": [
		0,
		{
			"name": "Sides",
			"origin": [0, 0, 0],
			"color": 0,
			"children": [1, 2]
		},
		3,
		4,
		{
			"name": "wheel bottom",
			"origin": [0, 0, 0],
			"color": 0,
			"children": [5, 6]
		},
		{
			"name": "wheel top",
			"origin": [0, 0, 0],
			"color": 0,
			"children": [7, 8, 9, 10, 11, 12, 13, 14, 15, 16, 17, 18, 19, 20]
		}
	]
}