{
	"credit": "Made with Blockbench",
	"texture_size": [64, 64],
	"textures": {
		"0": "custom/block/crate",
		"particle": "custom/block/crate"
	},
	"elements": [
		{
			"from": [2, 0, 2],
			"to": [14, 1, 14],
			"faces": {
				"north": {"uv": [0, 0, 3, 0.25], "texture": "#0"},
				"east": {"uv": [0, 0, 3, 0.25], "texture": "#0"},
				"south": {"uv": [0, 0, 3, 0.25], "texture": "#0"},
				"west": {"uv": [0, 0, 3, 0.25], "texture": "#0"},
				"up": {"uv": [0.5, 0.5, 3.5, 3.5], "texture": "#0"},
				"down": {"uv": [0.5, 0.5, 3.5, 3.5], "texture": "#0"}
			}
		},
		{
			"from": [0, 0, 0],
			"to": [14, 16, 2],
			"faces": {
				"north": {"uv": [0.5, 0, 4, 4], "texture": "#0"},
				"east": {"uv": [0, 0, 0.5, 4], "texture": "#0"},
				"south": {"uv": [0, 0, 3.5, 4], "texture": "#0"},
				"west": {"uv": [0, 0, 0.5, 4], "texture": "#0"},
				"up": {"uv": [0, 0, 3.5, 0.5], "texture": "#0"},
				"down": {"uv": [0, 0, 3.5, 0.5], "texture": "#0"}
			}
		},
		{
			"from": [2, 0, 14],
			"to": [16, 16, 16],
			"faces": {
				"north": {"uv": [0, 0, 3.5, 4], "texture": "#0"},
				"east": {"uv": [0, 0, 0.5, 4], "texture": "#0"},
				"south": {"uv": [0.5, 0, 4, 4], "texture": "#0"},
				"west": {"uv": [0, 0, 0.5, 4], "texture": "#0"},
				"up": {"uv": [0, 0, 3.5, 0.5], "texture": "#0"},
				"down": {"uv": [0, 0, 3.5, 0.5], "texture": "#0"}
			}
		},
		{
			"from": [14, 0, 0],
			"to": [16, 16, 14],
			"faces": {
				"north": {"uv": [0, 0, 0.5, 4], "texture": "#0"},
				"east": {"uv": [0.5, 0, 4, 4], "texture": "#0"},
				"south": {"uv": [0, 0, 0.5, 4], "texture": "#0"},
				"west": {"uv": [0, 0, 3.5, 4], "texture": "#0"},
				"up": {"uv": [0, 0, 0.5, 3.5], "texture": "#0"},
				"down": {"uv": [0, 0, 0.5, 3.5], "texture": "#0"}
			}
		},
		{
			"from": [0, 0, 2],
			"to": [2, 16, 16],
			"faces": {
				"north": {"uv": [0, 0, 0.5, 4], "texture": "#0"},
				"east": {"uv": [0, 0, 3.5, 4], "texture": "#0"},
				"south": {"uv": [0, 0, 0.5, 4], "texture": "#0"},
				"west": {"uv": [0.5, 0, 4, 4], "texture": "#0"},
				"up": {"uv": [0, 0, 0.5, 3.5], "texture": "#0"},
				"down": {"uv": [0, 0, 0.5, 3.5], "texture": "#0"}
			}
		}
	],
	"display": {
		"ground": {
			"translation": [0, 4.25, 0]
		}
	},
	"groups": [
		{
			"name": "new",
			"origin": [0, 0, 0],
			"color": 0,
			"children": [0, 1, 2, 3, 4]
		}
	]
}