{
	"credit": "Made with Blockbench",
	"textures": {
		"0": "custom/block/pebbles",
		"particle": "custom/block/pebbles"
	},
	"elements": [
		{
			"from": [8, 0, 9],
			"to": [10, 0.7, 13],
			"faces": {
				"north": {"uv": [3, 10, 5, 11], "texture": "#0"},
				"east": {"uv": [7, 1, 11, 2], "texture": "#0"},
				"south": {"uv": [0, 10, 2, 11], "texture": "#0"},
				"west": {"uv": [7, 1, 11, 2], "texture": "#0"},
				"up": {"uv": [2, 10, 0, 6], "texture": "#0"},
				"down": {"uv": [2, 6, 0, 10], "texture": "#0"}
			}
		},
		{
			"from": [10, 0, 3],
			"to": [14, 0.5, 6],
			"faces": {
				"north": {"uv": [7, 1, 11, 2], "texture": "#0"},
				"east": {"uv": [7, 5, 10, 6], "texture": "#0"},
				"south": {"uv": [7, 1, 11, 2], "texture": "#0"},
				"west": {"uv": [7, 5, 10, 6], "texture": "#0"},
				"up": {"uv": [4, 3, 0, 0], "texture": "#0"},
				"down": {"uv": [4, 0, 0, 3], "texture": "#0"}
			}
		},
		{
			"from": [9.4, 0, 9.4],
			"to": [11.9, 0.6, 12.4],
			"faces": {
				"north": {"uv": [8, 6, 11, 7], "texture": "#0"},
				"east": {"uv": [4, 9, 7, 10], "texture": "#0"},
				"south": {"uv": [4, 9, 7, 10], "texture": "#0"},
				"west": {"uv": [4, 9, 7, 10], "texture": "#0"},
				"up": {"uv": [7, 3, 4, 0], "texture": "#0"},
				"down": {"uv": [7, 0, 4, 3], "texture": "#0"}
			}
		},
		{
			"from": [4.5, 0, 3.7],
			"to": [6.6, 0.4, 7],
			"faces": {
				"north": {"uv": [0, 10, 2, 11], "texture": "#0"},
				"east": {"uv": [0, 10, 3, 11], "texture": "#0"},
				"south": {"uv": [0, 10, 2, 11], "texture": "#0"},
				"west": {"uv": [0, 10, 3, 11], "texture": "#0"},
				"up": {"uv": [6, 9, 4, 6], "texture": "#0"},
				"down": {"uv": [6, 6, 4, 9], "texture": "#0"}
			}
		}
	],
	"groups": [
		{
			"name": "group",
			"origin": [0, 0, 0],
			"color": 0,
			"children": [0, 1, 2, 3]
		}
	]
}