{
	"credit": "Made with Blockbench",
	"texture_size": [64, 64],
	"textures": {
		"0": "custom/supplydrop/supply_drop_floor",
		"1": "custom/supplydrop/supply_drop_planks",
		"2": "custom/supplydrop/supply_drop_second_floor",
		"3": "custom/supplydrop/supply_drop_base",
		"4": "custom/supplydrop/supply_drop_straps",
		"particle": "custom/supplydrop/supply_drop_floor"
	},
	"elements": [
		{
			"from": [2.5, 5, 19.75],
			"to": [4.5, 26, 20.75],
			"faces": {
				"north": {"uv": [5.25, 7.25, 5.5, 12.5], "texture": "#4"},
				"east": {"uv": [5.25, 7.25, 5.5, 12.5], "texture": "#4"},
				"south": {"uv": [1, 6.25, 1.5, 11.5], "texture": "#4"},
				"west": {"uv": [5.25, 7.25, 5.5, 12.5], "texture": "#4"},
				"up": {"uv": [7, 7.5, 6.5, 7.25], "texture": "#4"},
				"down": {"uv": [7.5, 7.25, 7, 7.5], "texture": "#4"}
			}
		},
		{
			"from": [19.5, 5, 11.75],
			"to": [20.5, 26, 13.75],
			"faces": {
				"north": {"uv": [5.75, 7.25, 6, 12.5], "texture": "#4"},
				"east": {"uv": [1, 6.25, 1.5, 11.5], "texture": "#4"},
				"south": {"uv": [5.25, 7.25, 5.5, 12.5], "texture": "#4"},
				"west": {"uv": [5.25, 7.25, 5.5, 12.5], "texture": "#4"},
				"up": {"uv": [7.75, 2.5, 7.5, 2], "texture": "#4"},
				"down": {"uv": [7.75, 2.5, 7.5, 3], "texture": "#4"}
			}
		},
		{
			"from": [-4.5, 5, 11.75],
			"to": [-3.5, 27, 13.75],
			"faces": {
				"north": {"uv": [5.25, 7.25, 5.5, 12.5], "texture": "#4"},
				"east": {"uv": [5.25, 7.25, 5.5, 12.5], "texture": "#4"},
				"south": {"uv": [5.25, 7.25, 5.5, 12.5], "texture": "#4"},
				"west": {"uv": [1, 6.25, 1.5, 11.5], "texture": "#4"},
				"up": {"uv": [7.75, 3.5, 7.5, 3], "texture": "#4"},
				"down": {"uv": [7.75, 3.5, 7.5, 4], "texture": "#4"}
			}
		},
		{
			"from": [-4.5, 5, 2.75],
			"to": [-3.5, 27, 4.75],
			"faces": {
				"north": {"uv": [5.25, 7.25, 5.5, 12.5], "texture": "#4"},
				"east": {"uv": [5.25, 7.25, 5.5, 12.5], "texture": "#4"},
				"south": {"uv": [5.25, 7.25, 5.5, 12.5], "texture": "#4"},
				"west": {"uv": [1, 6.25, 1.5, 11.5], "texture": "#4"},
				"up": {"uv": [7.75, 4.5, 7.5, 4], "texture": "#4"},
				"down": {"uv": [7.75, 4.5, 7.5, 5], "texture": "#4"}
			}
		},
		{
			"from": [-3.5, 26, 2.75],
			"to": [20.5, 27, 4.75],
			"faces": {
				"north": {"uv": [0, 0, 6, 0], "texture": "#4"},
				"east": {"uv": [0, 0, 0.5, 0], "texture": "#4"},
				"south": {"uv": [0, 0, 6, 0], "texture": "#4"},
				"west": {"uv": [0, 0, 0.5, 0], "texture": "#4"},
				"up": {"uv": [8, 0.5, 2, 0], "texture": "#4"},
				"down": {"uv": [8, 0.5, 2, 1], "texture": "#4"}
			}
		},
		{
			"from": [-3.5, 26, 11.75],
			"to": [20.5, 27, 13.75],
			"faces": {
				"north": {"uv": [0, 0, 6, 0], "texture": "#4"},
				"east": {"uv": [0, 0, 0.5, 0], "texture": "#4"},
				"south": {"uv": [0, 0, 6, 0], "texture": "#4"},
				"west": {"uv": [0, 0, 0.5, 0], "texture": "#4"},
				"up": {"uv": [8, 0.5, 2, 0], "texture": "#4"},
				"down": {"uv": [8, 1.5, 2, 2], "texture": "#4"}
			}
		},
		{
			"from": [11.5, 26, -4.25],
			"to": [13.5, 27.2, 20.75],
			"faces": {
				"north": {"uv": [0, 0, 0.5, 0], "texture": "#4"},
				"east": {"uv": [0, 0, 6.25, 0], "texture": "#4"},
				"south": {"uv": [0, 0, 0.5, 0], "texture": "#4"},
				"west": {"uv": [0, 0, 6.25, 0], "texture": "#4"},
				"up": {"uv": [0.5, 6.25, 0, 0], "texture": "#4"},
				"down": {"uv": [1, 0, 0.5, 6.25], "texture": "#4"}
			}
		},
		{
			"from": [2.5, 26, -4.25],
			"to": [4.5, 27.2, 20.75],
			"faces": {
				"north": {"uv": [0, 0, 0.5, 0], "texture": "#4"},
				"east": {"uv": [0, 0, 6.25, 0], "texture": "#4"},
				"south": {"uv": [0, 0, 0.5, 0], "texture": "#4"},
				"west": {"uv": [0, 0, 6.25, 0], "texture": "#4"},
				"up": {"uv": [1.5, 6.25, 1, 0], "texture": "#4"},
				"down": {"uv": [2, 0, 1.5, 6.25], "texture": "#4"}
			}
		},
		{
			"from": [19.5, 5, 2.75],
			"to": [20.5, 26, 4.75],
			"faces": {
				"north": {"uv": [5.25, 7.25, 5.5, 12.5], "texture": "#4"},
				"east": {"uv": [1, 6.25, 1.5, 11.5], "texture": "#4"},
				"south": {"uv": [5.25, 7.25, 5.5, 12.5], "texture": "#4"},
				"west": {"uv": [0, 6.25, 0.5, 11.5], "texture": "#4"},
				"up": {"uv": [7.75, 5.5, 7.5, 5], "texture": "#4"},
				"down": {"uv": [7.75, 5.5, 7.5, 6], "texture": "#4"}
			}
		},
		{
			"from": [11.5, 5, 19.75],
			"to": [13.5, 26, 20.75],
			"faces": {
				"north": {"uv": [0.5, 6.25, 1, 11.5], "texture": "#4"},
				"east": {"uv": [5.25, 7.25, 5.5, 12.5], "texture": "#4"},
				"south": {"uv": [1, 6.25, 1.5, 11.5], "texture": "#4"},
				"west": {"uv": [5.25, 7.25, 5.5, 12.5], "texture": "#4"},
				"up": {"uv": [8, 6.25, 7.5, 6], "texture": "#4"},
				"down": {"uv": [8, 6.25, 7.5, 6.5], "texture": "#4"}
			}
		},
		{
			"from": [11.5, 5, -4.25],
			"to": [13.5, 26, -3.25],
			"faces": {
				"north": {"uv": [1, 6.25, 1.5, 11.5], "texture": "#4"},
				"east": {"uv": [5.25, 7.25, 5.5, 12.5], "texture": "#4"},
				"south": {"uv": [5.25, 7.25, 5.5, 12.5], "texture": "#4"},
				"west": {"uv": [5.75, 7.25, 6, 12.5], "texture": "#4"},
				"up": {"uv": [7, 7.75, 6.5, 7.5], "texture": "#4"},
				"down": {"uv": [8, 6.5, 7.5, 6.75], "texture": "#4"}
			}
		},
		{
			"from": [2.5, 5, -4.25],
			"to": [4.5, 26, -3.25],
			"faces": {
				"north": {"uv": [1.5, 6.25, 1, 11.5], "texture": "#4"},
				"east": {"uv": [5.25, 7.25, 5.5, 12.5], "texture": "#4"},
				"south": {"uv": [5.25, 7.25, 5.5, 12.5], "texture": "#4"},
				"west": {"uv": [5.75, 7.25, 6, 12.5], "texture": "#4"},
				"up": {"uv": [8, 7, 7.5, 6.75], "texture": "#4"},
				"down": {"uv": [7.5, 7.5, 7, 7.75], "texture": "#4"}
			}
		},
		{
			"from": [-3, 1, -5.25],
			"to": [1, 2, 21.75],
			"faces": {
				"north": {"uv": [6, 1.5, 7, 1.75], "texture": "#1"},
				"east": {"uv": [6, 0, 12.75, 0.25], "texture": "#1"},
				"south": {"uv": [6, 1.5, 7, 1.75], "texture": "#1"},
				"west": {"uv": [6, 0, 12.75, 0.25], "texture": "#1"},
				"up": {"uv": [1, 6.75, 0, 0], "texture": "#1"},
				"down": {"uv": [1, 0, 0, 6.75], "texture": "#1"}
			}
		},
		{
			"from": [15, 1, -5.25],
			"to": [19, 2, 21.75],
			"faces": {
				"north": {"uv": [6, 2, 7, 2.25], "texture": "#1"},
				"east": {"uv": [6, 0.5, 12.75, 0.75], "texture": "#1"},
				"south": {"uv": [6, 2, 7, 2.25], "texture": "#1"},
				"west": {"uv": [6, 0.5, 12.75, 0.75], "texture": "#1"},
				"up": {"uv": [3, 6.75, 2, 0], "texture": "#1"},
				"down": {"uv": [3, 0, 2, 6.75], "texture": "#1"}
			}
		},
		{
			"from": [6, 1, -5.25],
			"to": [10, 2, 21.75],
			"faces": {
				"north": {"uv": [6, 2.5, 7, 2.75], "texture": "#1"},
				"east": {"uv": [6, 1, 12.75, 1.25], "texture": "#1"},
				"south": {"uv": [6, 2.5, 7, 2.75], "texture": "#1"},
				"west": {"uv": [6, 1, 12.75, 1.25], "texture": "#1"},
				"up": {"uv": [5, 6.75, 4, 0], "texture": "#1"},
				"down": {"uv": [5, 0, 4, 6.75], "texture": "#1"}
			}
		},
		{
			"name": "base",
			"from": [-3.5, 5, -3.25],
			"to": [19.5, 26, 19.75],
			"faces": {
				"north": {"uv": [2.875, 0, 5.75, 2.625], "texture": "#3"},
				"east": {"uv": [2.875, 0, 5.75, 2.625], "texture": "#3"},
				"south": {"uv": [2.875, 0, 5.75, 2.625], "texture": "#3"},
				"west": {"uv": [2.875, 0, 5.75, 2.625], "texture": "#3"},
				"up": {"uv": [2.875, 2.875, 0, 0], "texture": "#3"},
				"down": {"uv": [2.875, 0, 0, 2.875], "texture": "#3"}
			}
		},
		{
			"name": "2nd floor",
			"from": [-4.5, 2, -4.25],
			"to": [20.5, 5, 20.75],
			"faces": {
				"north": {"uv": [6.25, 0, 12.5, 0.75], "texture": "#2"},
				"east": {"uv": [6.25, 0, 12.5, 0.75], "texture": "#2"},
				"south": {"uv": [6.25, 0, 12.5, 0.75], "texture": "#2"},
				"west": {"uv": [6.25, 0, 12.5, 0.75], "texture": "#2"},
				"up": {"uv": [6.25, 6.25, 0, 0], "texture": "#2"},
				"down": {"uv": [6.25, 0, 0, 6.25], "texture": "#2"}
			}
		},
		{
			"name": "floor",
			"from": [-4.5, 0, -4.25],
			"to": [20.5, 1, 20.75],
			"faces": {
				"north": {"uv": [0, 6.75, 6.5, 7], "texture": "#0"},
				"east": {"uv": [0, 6.75, 6.5, 7], "texture": "#0"},
				"south": {"uv": [0, 6.75, 6.5, 7], "texture": "#0"},
				"west": {"uv": [0, 6.75, 6.75, 7], "texture": "#0"},
				"up": {"uv": [6.5, 6.75, 0, 0], "texture": "#0"},
				"down": {"uv": [6.5, 0, 0, 6.75], "texture": "#0"}
			}
		}
	],
	"display": {
		"thirdperson_righthand": {
			"scale": [0.5, 0.5, 0.5]
		},
		"thirdperson_lefthand": {
			"scale": [0.5, 0.5, 0.5]
		},
		"firstperson_righthand": {
			"scale": [0.5, 0.5, 0.5]
		},
		"firstperson_lefthand": {
			"scale": [0.5, 0.5, 0.5]
		},
		"gui": {
			"translation": [0.25, -2.75, 0],
			"scale": [0.5, 0.5, 0.5]
		},
		"fixed": {
			"translation": [0, -2, 0],
			"scale": [0.5, 0.5, 0.5]
		}
	},
	"groups": [
		{
			"name": "crate",
			"origin": [0, 0, 0],
			"color": 0,
			"children": [
				{
					"name": "side straps",
					"origin": [0, 0, 0],
					"color": 0,
					"children": [0, 1, 2, 3, 4, 5, 6, 7, 8, 9, 10, 11]
				},
				{
					"name": "planks",
					"origin": [0, 0, 0],
					"color": 0,
					"children": [12, 13, 14]
				},
				15,
				16,
				17
			]
		}
	]
}