{
    "parent": "minecraft:item/generated",
    "textures": {
      "layer0": "minecraft:item/bread"
    },
    "overrides": [
      {
          "predicate": {
              "custom_model_data": 1
          },
          "model": "custom/item/sandwich"
      },
      {
        "predicate": {
            "custom_model_data": 2
        },
        "model": "custom/item/chocolatebar"
      },
      {
        "predicate": {
            "custom_model_data": 3
        },
        "model": "custom/item/pickles"
      }                                                 
    ]
  }