{
    "parent": "minecraft:item/generated",
    "textures": {
      "layer0": "minecraft:item/ghast_tear"
    },
    "overrides": [
      {
          "predicate": {
              "custom_model_data": 1
          },
          "model": "custom/item/grenade"
      },
      {
        "predicate": {
            "custom_model_data": 2
        },
        "model": "custom/item/pistolmag"
      },
      {
        "predicate": {
            "custom_model_data": 3
        },
        "model": "custom/item/riflemag"
      },
      {
        "predicate": {
            "custom_model_data": 4
        },
        "model": "custom/item/shotgunshell"
      }                                         
    ]
  }