{
    "parent": "minecraft:item/handheld",
    "textures": {
      "layer0": "minecraft:item/golden_hoe"
    },
    "overrides": [
      {
          "predicate": {
              "custom_model_data": 1
          },
          "model": "custom/item/glock"
      },
      {
        "predicate": {
            "custom_model_data": 2
        },
        "model": "custom/item/deserteagle"
      },
      {
        "predicate": {
            "custom_model_data": 3
        },
        "model": "custom/item/uzi"
      },
      {
        "predicate": {
            "custom_model_data": 4
        },
        "model": "custom/item/mp5"
      },
      {
        "predicate": {
            "custom_model_data": 5
        },
        "model": "custom/item/famas"
      },
      {
        "predicate": {
            "custom_model_data": 6
        },
        "model": "custom/item/m4"
      },
      {
        "predicate": {
            "custom_model_data": 7
        },
        "model": "custom/item/handmadeshotgun"
      },
      {
        "predicate": {
            "custom_model_data": 8
        },
        "model": "custom/item/sar"
      },
      {
        "predicate": {
            "custom_model_data": 9
        },
        "model": "custom/item/sniper"
      }                                                           
    ]
  }