{
	"parent": "item/generated",
	"textures": {
		"layer0": "item/leather_leggings",
		"layer1": "item/leather_leggings_overlay"
    },
    "overrides": [
      {
          "predicate": {
              "custom_model_data": 1
          },
          "model": "custom/item/armor/police/police_leggings"
      },
      {
        "predicate": {
            "custom_model_data": 2
        },
        "model": "custom/item/armor/riot/riot_leggings"
      },
      {
        "predicate": {
            "custom_model_data": 3
        },
        "model": "custom/item/armor/military/military_leggings"
      }                                                  
    ]
  }