{
	"parent": "item/generated",
	"textures": {
		"layer0": "item/leather_chestplate",
		"layer1": "item/leather_chestplate_overlay"
    },
    "overrides": [
      {
          "predicate": {
              "custom_model_data": 1
          },
          "model": "custom/item/armor/police/police_chestplate"
      },
      {
        "predicate": {
            "custom_model_data": 2
        },
        "model": "custom/item/armor/riot/riot_chestplate"
      },
      {
        "predicate": {
            "custom_model_data": 3
        },
        "model": "custom/item/armor/military/military_chestplate"
      }                                                 
    ]
  }