{
	"parent": "item/generated",
	"textures": {
		"layer0": "item/leather_helmet",
		"layer1": "item/leather_helmet_overlay"
    },
    "overrides": [
      {
          "predicate": {
              "custom_model_data": 1
          },
          "model": "custom/item/armor/police/police_helmet"
      },
      {
        "predicate": {
            "custom_model_data": 2
        },
        "model": "custom/item/armor/riot/riot_helmet"
      },
      {
        "predicate": {
            "custom_model_data": 3
        },
        "model": "custom/item/armor/military/military_helmet"
      }                                                    
    ]
  }