{"data":22,"parent":"item/generated","textures":{"layer0":"item/leather_horse_armor"},"overrides":[{"predicate":{"custom_model_data":1},"model":"modelengine:zombie/head"},{"predicate":{"custom_model_data":2},"model":"modelengine:zombie/lefthand"},{"predicate":{"custom_model_data":3},"model":"modelengine:zombie/leftarm"},{"predicate":{"custom_model_data":4},"model":"modelengine:zombie/righthand"},{"predicate":{"custom_model_data":5},"model":"modelengine:zombie/rightarm"},{"predicate":{"custom_model_data":6},"model":"modelengine:zombie/leftfoot"},{"predicate":{"custom_model_data":7},"model":"modelengine:zombie/leftleg"},{"predicate":{"custom_model_data":8},"model":"modelengine:zombie/rightfoot"},{"predicate":{"custom_model_data":9},"model":"modelengine:zombie/rightleg"},{"predicate":{"custom_model_data":10},"model":"modelengine:zombie/body"},{"predicate":{"custom_model_data":11},"model":"modelengine:zombie_ground/head"},{"predicate":{"custom_model_data":12},"model":"modelengine:zombie_ground/lefthand"},{"predicate":{"custom_model_data":13},"model":"modelengine:zombie_ground/leftarm"},{"predicate":{"custom_model_data":14},"model":"modelengine:zombie_ground/righthand"},{"predicate":{"custom_model_data":15},"model":"modelengine:zombie_ground/rightarm"},{"predicate":{"custom_model_data":16},"model":"modelengine:zombie_ground/leftfoot"},{"predicate":{"custom_model_data":17},"model":"modelengine:zombie_ground/leftleg"},{"predicate":{"custom_model_data":18},"model":"modelengine:zombie_ground/rightfoot"},{"predicate":{"custom_model_data":19},"model":"modelengine:zombie_ground/rightleg"},{"predicate":{"custom_model_data":20},"model":"modelengine:zombie_ground/body"},{"predicate":{"custom_model_data":21},"model":"modelengine:zombie_parts/head"},{"predicate":{"custom_model_data":22},"model":"modelengine:zombie_parts/headchunk"}]}