{
  "parent":"minecraft:item/generated",
  "textures":{
     "layer0":"minecraft:item/stick"
  },
  "overrides":[
     {
        "predicate":{
           "custom_model_data":1
        },
        "model":"custom/item/sniperzoom"
     },
     {
        "predicate":{
           "custom_model_data":2
        },
        "model":"custom/item/medkit"
     },
     {
        "predicate":{
           "custom_model_data":3
        },
        "model":"custom/item/painkiller"
     },
     {
        "predicate":{
           "custom_model_data":4
        },
        "model":"custom/item/rock1"
     },
     {
      "predicate":{
         "custom_model_data":5
      },
      "model":"custom/item/vendingmachine"
     },
     {
      "predicate":{
         "custom_model_data":6
      },
      "model":"custom/item/space_split"
     },
     {
      "predicate":{
         "custom_model_data":7
      },
      "model":"custom/item/thevault"
     },
     {
      "predicate":{
         "custom_model_data":8
      },
      "model":"custom/item/zombieprop"
     },
     {
      "predicate":{
         "custom_model_data":9
      },
      "model":"custom/plants/corn"
     }                                
  ]
}