{
    "parent": "minecraft:item/handheld",
    "textures": {
      "layer0": "minecraft:item/wooden_axe"
    },
    "overrides": [
      {
          "predicate": {
              "custom_model_data": 1
          },
          "model": "custom/item/crowbar"
      },
      {
        "predicate": {
            "custom_model_data": 2
        },
        "model": "custom/item/cleaver"
      },
      {
        "predicate": {
            "custom_model_data": 3
        },
        "model": "custom/item/hatchet"
      },  
      {
        "predicate": {
            "custom_model_data": 4
        },
        "model": "custom/item/combatknife"
      },    
      {
        "predicate": {
            "custom_model_data": 5
        },
        "model": "custom/item/baseballbat"
      }          
    ]
  }