{"textures":{"0":"minecraft:entity/zombie/zombie"},"elements":[{"name":"body","from":[5.6,6.2,6.8],"to":[10.4,13.400001,9.2],"rotation":{"angle":0.0,"axis":"x","origin":[8.0,8.0,8.0]},"faces":{"down":{"uv":[7.0,4.0,9.0,5.0],"rotation":0,"texture":"#0","tintindex":0},"east":{"uv":[4.0,5.0,5.0,8.0],"rotation":0,"texture":"#0","tintindex":0},"north":{"uv":[5.0,5.0,7.0,8.0],"rotation":0,"texture":"#0","tintindex":0},"south":{"uv":[8.0,5.0,10.0,8.0],"rotation":0,"texture":"#0","tintindex":0},"up":{"uv":[5.0,4.0,7.0,5.0],"rotation":0,"texture":"#0","tintindex":0},"west":{"uv":[7.0,5.0,8.0,8.0],"rotation":0,"texture":"#0","tintindex":0}}}],"display":{"head":{"translation":[0.0,-6.4,0.0],"rotation":[0.0,0.0,0.0],"scale":[3.8095,3.8095,3.8095]}}}