{"textures":{"0":"minecraft:entity/zombie/zombie"},"elements":[{"name":"leftleg","from":[6.746,4.3999996,8.0],"to":[9.146,8.0,10.4],"rotation":{"angle":0.0,"axis":"x","origin":[6.8,4.3999996,9.2]},"faces":{"down":{"uv":[2.0,4.0,3.0,5.0],"rotation":0,"texture":"#0","tintindex":0},"east":{"uv":[0.0,6.5,1.0,8.0],"rotation":0,"texture":"#0","tintindex":0},"north":{"uv":[1.0,6.5,2.0,8.0],"rotation":0,"texture":"#0","tintindex":0},"south":{"uv":[3.0,6.5,4.0,8.0],"rotation":0,"texture":"#0","tintindex":0},"up":{"uv":[1.0,4.0,2.0,5.0],"rotation":0,"texture":"#0","tintindex":0},"west":{"uv":[2.0,6.5,3.0,8.0],"rotation":0,"texture":"#0","tintindex":0}}}],"display":{"head":{"translation":[0.0,-6.4,0.0],"rotation":[0.0,0.0,0.0],"scale":[3.8095,3.8095,3.8095]}}}