{"textures":{"0":"minecraft:entity/zombie/zombie"},"elements":[{"name":"leftarm","from":[5.6,5.6,6.8],"to":[8.0,9.2,9.2],"rotation":{"angle":0.0,"axis":"x","origin":[10.4,-5.200001,8.0]},"faces":{"down":{"uv":[13.0,4.0,12.0,5.0],"rotation":0,"texture":"#0","tintindex":0},"east":{"uv":[13.0,5.0,12.0,6.5],"rotation":0,"texture":"#0","tintindex":0},"north":{"uv":[12.0,5.0,11.0,6.5],"rotation":0,"texture":"#0","tintindex":0},"south":{"uv":[14.0,5.0,13.0,6.5],"rotation":0,"texture":"#0","tintindex":0},"up":{"uv":[12.0,4.0,11.0,5.0],"rotation":0,"texture":"#0","tintindex":0},"west":{"uv":[11.0,5.0,10.0,6.5],"rotation":0,"texture":"#0","tintindex":0}}}],"display":{"head":{"translation":[0.0,-6.4,0.0],"rotation":[0.0,0.0,0.0],"scale":[3.8095,3.8095,3.8095]}}}