{"textures":{"0":"minecraft:entity/zombie/zombie"},"elements":[{"name":"leftarm","from":[6.8059998,4.3999996,5.6],"to":[9.206,8.0,8.0],"rotation":{"angle":0.0,"axis":"x","origin":[11.6,-2.8000002,6.8]},"faces":{"down":{"uv":[13.0,4.0,12.0,5.0],"rotation":0,"texture":"#0","tintindex":0},"east":{"uv":[13.0,6.5,12.0,8.0],"rotation":0,"texture":"#0","tintindex":0},"north":{"uv":[12.0,6.5,11.0,8.0],"rotation":0,"texture":"#0","tintindex":0},"south":{"uv":[14.0,6.5,13.0,8.0],"rotation":0,"texture":"#0","tintindex":0},"up":{"uv":[13.0,4.0,12.0,5.0],"rotation":0,"texture":"#0","tintindex":0},"west":{"uv":[11.0,6.5,10.0,8.0],"rotation":0,"texture":"#0","tintindex":0}}}],"display":{"head":{"translation":[0.0,-6.4,0.0],"rotation":[0.0,0.0,0.0],"scale":[3.8095,3.8095,3.8095]}}}