{"textures":{"0":"modelengine:entity/zombie_parts"},"elements":[{"name":"cube","from":[7.4,6.6499996,7.55],"to":[9.2,9.05,9.35],"rotation":{"angle":0.0,"axis":"x","origin":[6.8,8.45,6.95]},"faces":{"down":{"uv":[6.0,10.5,7.5,12.0],"rotation":0,"texture":"#0","tintindex":0},"east":{"uv":[4.5,10.5,6.0,12.5],"rotation":0,"texture":"#0","tintindex":0},"north":{"uv":[0.0,10.5,1.5,12.5],"rotation":0,"texture":"#0","tintindex":0},"south":{"uv":[3.0,10.5,4.5,12.5],"rotation":0,"texture":"#0","tintindex":0},"up":{"uv":[7.5,10.5,9.0,12.0],"rotation":0,"texture":"#0","tintindex":0},"west":{"uv":[1.5,10.5,3.0,12.5],"rotation":0,"texture":"#0","tintindex":0}}},{"name":"cube","from":[6.2,7.25,6.35],"to":[8.6,9.05,8.75],"rotation":{"angle":0.0,"axis":"x","origin":[6.8,8.45,6.95]},"faces":{"down":{"uv":[2.0,4.0,4.0,6.0],"rotation":0,"texture":"#0","tintindex":0},"east":{"uv":[0.0,0.0,2.0,1.5],"rotation":0,"texture":"#0","tintindex":0},"north":{"uv":[0.0,4.0,2.0,5.5],"rotation":0,"texture":"#0","tintindex":0},"south":{"uv":[0.0,0.0,2.0,1.5],"rotation":0,"texture":"#0","tintindex":0},"up":{"uv":[4.0,4.0,6.0,6.0],"rotation":0,"texture":"#0","tintindex":0},"west":{"uv":[6.0,4.5,8.0,6.0],"rotation":0,"texture":"#0","tintindex":0}}}],"display":{"head":{"translation":[0.0,-6.4,0.0],"rotation":[0.0,0.0,0.0],"scale":[3.8095,3.8095,3.8095]}}}