{"textures":{"0":"modelengine:entity/zombie_parts"},"elements":[{"name":"cube","from":[5.6,8.0,5.6],"to":[10.4,8.6,10.4],"rotation":{"angle":0.0,"axis":"x","origin":[8.0,8.0,8.0]},"faces":{"down":{"uv":[4.0,4.0,0.0,8.0],"rotation":0,"texture":"#0","tintindex":0},"east":{"uv":[7.5,6.5,11.5,7.0],"rotation":0,"texture":"#0","tintindex":0},"north":{"uv":[7.5,6.0,11.5,6.5],"rotation":0,"texture":"#0","tintindex":0},"south":{"uv":[3.0,8.5,7.0,9.0],"rotation":0,"texture":"#0","tintindex":0},"up":{"uv":[4.0,4.0,0.0,0.0],"rotation":0,"texture":"#0","tintindex":0},"west":{"uv":[7.0,8.5,11.0,9.0],"rotation":0,"texture":"#0","tintindex":0}}},{"name":"cube","from":[8.6,8.6,5.6],"to":[10.4,9.8,7.4],"rotation":{"angle":0.0,"axis":"x","origin":[8.0,8.0,8.0]},"faces":{"down":{"uv":[9.0,4.5,7.5,6.0],"rotation":0,"texture":"#0","tintindex":0},"east":{"uv":[6.5,9.0,8.0,10.0],"rotation":0,"texture":"#0","tintindex":0},"north":{"uv":[9.0,4.5,10.5,5.5],"rotation":0,"texture":"#0","tintindex":0},"south":{"uv":[8.0,9.0,9.5,10.0],"rotation":0,"texture":"#0","tintindex":0},"up":{"uv":[9.0,4.5,7.5,3.0],"rotation":0,"texture":"#0","tintindex":0},"west":{"uv":[0.0,9.5,1.5,10.5],"rotation":0,"texture":"#0","tintindex":0}}},{"name":"cube","from":[6.8,8.6,8.6],"to":[10.4,10.4,10.4],"rotation":{"angle":0.0,"axis":"x","origin":[8.0,8.0,8.0]},"faces":{"down":{"uv":[10.5,1.5,7.5,3.0],"rotation":0,"texture":"#0","tintindex":0},"east":{"uv":[0.0,8.0,1.5,9.5],"rotation":0,"texture":"#0","tintindex":0},"north":{"uv":[4.0,7.0,7.0,8.5],"rotation":0,"texture":"#0","tintindex":0},"south":{"uv":[7.0,7.0,10.0,8.5],"rotation":0,"texture":"#0","tintindex":0},"up":{"uv":[10.5,1.5,7.5,0.0],"rotation":0,"texture":"#0","tintindex":0},"west":{"uv":[1.5,8.0,3.0,9.5],"rotation":0,"texture":"#0","tintindex":0}}},{"name":"cube","from":[5.6,8.6,6.2],"to":[9.8,9.2,10.4],"rotation":{"angle":0.0,"axis":"x","origin":[8.0,8.0,8.0]},"faces":{"down":{"uv":[7.5,3.5,4.0,7.0],"rotation":0,"texture":"#0","tintindex":0},"east":{"uv":[9.0,3.0,12.5,3.5],"rotation":0,"texture":"#0","tintindex":0},"north":{"uv":[3.0,9.0,6.5,9.5],"rotation":0,"texture":"#0","tintindex":0},"south":{"uv":[9.0,3.5,12.5,4.0],"rotation":0,"texture":"#0","tintindex":0},"up":{"uv":[7.5,3.5,4.0,0.0],"rotation":0,"texture":"#0","tintindex":0},"west":{"uv":[9.0,4.0,12.5,4.5],"rotation":0,"texture":"#0","tintindex":0}}}],"display":{"head":{"translation":[0.0,-6.4,0.0],"rotation":[0.0,0.0,0.0],"scale":[3.8095,3.8095,3.8095]}}}